"id","appID","day","data","user_id","lite"
"1","1","2017-10-23","{""breaks"":1,""periods"":4245000}","29","f"
"2","1","2017-10-18","{""breaks"":2,""periods"":28155000}","28","f"
"3","2","2017-10-19","{""breaks"":-2,""periods"":-28155000}","28","f"
"4","1","2017-10-24","{""breaks"":2,""periods"":18570000}","27","t"
"5","1","2017-10-24","{""breaks"":1,""periods"":0}","25","f"
"6","2","2017-10-24","{""breaks"":-1,""periods"":-4245000}","29","f"
"7","1","2017-10-25","{""breaks"":1,""periods"":21345000}","29","t"
"8","2","2017-10-26","{""breaks"":-1,""periods"":-21345000}","29","t"
"9","1","2017-10-27","{""breaks"":0,""periods"":-208740000}","31","t"
"10","1","2017-10-27","{""breaks"":5,""periods"":-40665000}","30","t"
"11","1","2017-10-28","{""breaks"":2,""periods"":8115000}","29","f"
"12","2","2017-10-28","{""breaks"":0,""periods"":-47625000}","31","t"
"13","2","2017-10-29","{""type"":""firstuse""}","29","f"
"14","1","2017-10-30","{""breaks"":4,""periods"":0}","32","t"
"15","2","2017-10-30","{""breaks"":2,""periods"":0}","30","t"
"16","3","2017-10-30","{""breaks"":0,""periods"":-17670000}","29","f"
"17","3","2017-10-31","{""breaks"":10,""periods"":47280000}","30","t"
"18","1","2017-10-31","{""breaks"":2,""periods"":60570000}","34","t"
"19","2","2017-11-01","{""breaks"":0,""periods"":-71070000}","32","t"
"20","3","2017-11-01","{""breaks"":0,""periods"":-32115000}","31","t"
"21","2","2017-11-01","{""breaks"":3,""periods"":-30600000}","34","t"
"22","4","2017-11-01","{""breaks"":-11,""periods"":-35670000}","30","t"
"23","1","2017-11-01","{""breaks"":0,""periods"":-116925000}","33","t"
"24","2","2017-11-02","{""breaks"":4,""periods"":0}","33","t"
"25","1","2017-11-02","{""breaks"":4,""periods"":5145000}","35","t"
"26","4","2017-11-02","{""breaks"":0,""periods"":-28500000}","31","t"
"27","5","2017-11-02","{""breaks"":1,""periods"":1035000}","30","t"
"28","1","2017-11-03","{""breaks"":1,""periods"":8010000}","35","t"
"29","1","2017-11-03","{""breaks"":2,""periods"":0}","39","t"
"30","6","2017-11-03","{""breaks"":0,""periods"":-5310000}","30","t"
"31","7","2017-11-04","{""breaks"":-2,""periods"":-7335000}","30","t"
"32","1","2017-11-04","{""breaks"":0,""periods"":-28290000}","30","f"
"33","2","2017-11-04","{""breaks"":-1,""periods"":-8010000}","35","t"
"34","3","2017-11-06","{""breaks"":4,""periods"":0}","35","t"
"35","2","2017-11-06","{""breaks"":1,""periods"":21645000}","39","t"
"36","3","2017-11-06","{""breaks"":4,""periods"":0}","33","t"
"37","1","2017-11-06","{""breaks"":1,""periods"":3630000}","31","f"
"38","1","2017-11-06","{""breaks"":1,""periods"":0}","29","t"
"39","1","2017-11-07","{""breaks"":2,""periods"":0}","41","f"
"40","1","2017-11-07","{""breaks"":2,""periods"":-44385000}","32","t"
"41","2","2017-11-07","{""breaks"":0,""periods"":-3630000}","31","f"
"42","4","2017-11-08","{""breaks"":0,""periods"":-4425000}","35","t"
"43","3","2017-11-08","{""breaks"":0,""periods"":-24465000}","39","t"
"44","2","2017-11-07","{""breaks"":1,""periods"":19350000}","30","f"
"45","3","2017-11-08","{""breaks"":-1,""periods"":-19350000}","30","f"
"46","3","2017-11-09","{""type"":""firstuse""}","31","f"
"47","1","2017-11-09","{""breaks"":1,""periods"":0}","37","f"
"48","1","2017-11-09","{""breaks"":3,""periods"":0}","32","f"
"49","1","2017-11-09","{""breaks"":1,""periods"":0}","38","f"
"50","4","2017-11-10","{""type"":""firstuse""}","30","f"
"51","4","2017-11-10","{""breaks"":0,""periods"":-14535000}","31","f"
"52","2","2017-11-10","{""breaks"":2,""periods"":-255000}","41","f"
"53","4","2017-11-10","{""breaks"":1,""periods"":-3135000}","39","t"
"54","3","2017-11-11","{""breaks"":-2,""periods"":-3990000}","41","f"
"55","5","2017-11-11","{""breaks"":-2,""periods"":-6255000}","31","f"
"56","5","2017-11-11","{""breaks"":-1,""periods"":-3735000}","39","t"
"57","5","2017-11-11","{""breaks"":0,""periods"":-26535000}","30","f"
"58","2","2017-11-10","{""breaks"":2,""periods"":0}","32","f"
"59","1","2017-11-10","{""breaks"":2,""periods"":18075000}","35","f"
"60","2","2017-11-11","{""breaks"":-2,""periods"":-18075000}","35","f"
"61","2","2017-11-11","{""breaks"":-1,""periods"":-8625000}","37","f"
"62","4","2017-11-13","{""breaks"":1,""periods"":8220000}","41","f"
"63","6","2017-11-13","{""breaks"":2,""periods"":0}","39","t"
"64","1","2017-11-13","{""breaks"":5,""periods"":0}","42","t"
"65","3","2017-11-13","{""breaks"":7,""periods"":0}","35","f"
"66","5","2017-11-14","{""breaks"":-1,""periods"":-3060000}","41","f"
"67","7","2017-11-14","{""breaks"":1,""periods"":0}","39","t"
"68","1","2017-11-14","{""breaks"":2,""periods"":0}","3","f"
"69","2","2017-11-14","{""breaks"":0,""periods"":-6870000}","38","f"
"70","6","2017-11-15","{""breaks"":3,""periods"":17505000}","41","f"
"71","3","2017-11-15","{""breaks"":0,""periods"":-21510000}","38","f"
"72","4","2017-11-15","{""breaks"":2,""periods"":-4320000}","35","f"
"73","7","2017-11-16","{""type"":""firstuse""}","41","f"
"74","3","2017-11-16","{""breaks"":0,""periods"":-28020000}","32","f"
"75","4","2017-11-16","{""breaks"":2,""periods"":13830000}","38","f"
"76","1","2017-11-16","{""breaks"":2,""periods"":0}","30","f"
"77","1","2017-11-17","{""breaks"":2,""periods"":0}","39","f"
"78","2","2017-11-18","{""breaks"":0,""periods"":-11655000}","30","f"
"79","5","2017-11-17","{""breaks"":-2,""periods"":-9615000}","38","f"
"80","6","2017-11-18","{""breaks"":0,""periods"":-4215000}","38","f"
"81","5","2017-11-18","{""breaks"":-2,""periods"":-9645000}","35","f"
"82","2","2017-11-16","{""breaks"":1,""periods"":6570000}","42","t"
"83","3","2017-11-17","{""breaks"":-2,""periods"":-6570000}","42","t"
"84","1","2017-11-20","{""breaks"":1,""periods"":0}","37","f"
"85","2","2017-11-20","{""breaks"":3,""periods"":0}","39","f"
"86","4","2017-11-20","{""breaks"":4,""periods"":4500000}","32","f"
"87","3","2017-11-20","{""breaks"":1,""periods"":13410000}","30","f"
"88","6","2017-11-20","{""breaks"":4,""periods"":0}","35","f"
"89","7","2017-11-20","{""breaks"":1,""periods"":15450000}","38","f"
"90","3","2017-11-21","{""type"":""firstuse""}","39","f"
"91","8","2017-11-21","{""breaks"":1,""periods"":8160000}","41","f"
"92","2","2017-11-21","{""breaks"":1,""periods"":0}","37","f"
"93","4","2017-11-21","{""breaks"":1,""periods"":-13410000}","30","f"
"94","1","2017-11-21","{""breaks"":2,""periods"":7500000}","42","f"
"95","7","2017-11-14","{""breaks"":2,""periods"":165000}","35","f"
"96","1","2017-11-17","{""breaks"":0,""periods"":-15975000}","31","f"
"97","1","2017-11-22","{""breaks"":1,""periods"":0}","32","f"
"98","9","2017-11-22","{""breaks"":2,""periods"":-4275000}","41","f"
"99","8","2017-11-22","{""breaks"":3,""periods"":-5220000}","35","f"
"100","8","2017-11-21","{""breaks"":0,""periods"":-11430000}","38","f"
"101","9","2017-11-23","{""type"":""firstuse""}","38","f"
"102","3","2017-11-23","{""breaks"":5,""periods"":-28410000}","37","f"
"103","4","2017-11-22","{""breaks"":-2,""periods"":-17925000}","39","f"
"104","1","2017-11-24","{""type"":""firstuse""}","29","f"
"105","1","2017-11-23","{""breaks"":3,""periods"":0}","30","f"
"106","2","2017-11-24","{""breaks"":3,""periods"":105000}","32","f"
"107","10","2017-11-24","{""breaks"":0,""periods"":-9780000}","41","f"
"108","2","2017-11-24","{""breaks"":4,""periods"":-15345000}","31","f"
"109","5","2017-11-24","{""breaks"":1,""periods"":12315000}","39","f"
"110","10","2017-11-24","{""breaks"":0,""periods"":-29775000}","38","f"
"111","2","2017-11-25","{""breaks"":-3,""periods"":-8505000}","29","f"
"112","3","2017-11-25","{""breaks"":-4,""periods"":-3900000}","32","f"
"113","4","2017-11-25","{""breaks"":0,""periods"":-40110000}","37","f"
"114","9","2017-11-25","{""breaks"":-2,""periods"":-4005000}","35","f"
"115","2","2017-11-23","{""breaks"":0,""periods"":-12765000}","42","f"
"116","3","2017-11-24","{""breaks"":0,""periods"":-15345000}","42","f"
"117","6","2017-11-25","{""breaks"":-1,""periods"":-12315000}","39","f"
"118","4","2017-11-25","{""breaks"":0,""periods"":-40110000}","37","f"
"119","11","2017-11-27","{""breaks"":2,""periods"":9840000}","41","f"
"120","4","2017-11-27","{""breaks"":2,""periods"":7410000}","32","f"
"121","2","2017-11-27","{""breaks"":3,""periods"":4560000}","30","f"
"122","11","2017-11-27","{""breaks"":5,""periods"":0}","38","f"
"123","4","2017-11-27","{""breaks"":3,""periods"":7395000}","42","f"
"124","10","2017-11-27","{""breaks"":4,""periods"":0}","35","f"
"125","3","2017-11-28","{""type"":""firstuse""}","31","f"
"126","5","2017-11-28","{""breaks"":1,""periods"":-7410000}","32","f"
"127","1","2017-11-28","{""breaks"":1,""periods"":34845000}","29","f"
"128","5","2017-11-28","{""breaks"":2,""periods"":-11730000}","37","f"
"129","5","2017-11-28","{""breaks"":0,""periods"":-1755000}","42","f"
"130","2","2017-11-29","{""type"":""firstuse""}","29","f"
"131","12","2017-11-28","{""breaks"":-2,""periods"":-5205000}","41","f"
"132","13","2017-11-29","{""breaks"":1,""periods"":-1020000}","41","f"
"133","1","2017-11-29","{""breaks"":1,""periods"":9705000}","31","f"
"134","1","2017-11-29","{""breaks"":2,""periods"":0}","29","f"
"135","6","2017-11-30","{""type"":""firstuse""}","37","f"
"136","1","2017-11-29","{""breaks"":3,""periods"":5055000}","30","f"
"137","7","2017-11-29","{""breaks"":0,""periods"":-9645000}","39","f"
"138","2","2017-11-30","{""type"":""firstuse""}","30","f"
"139","6","2017-11-30","{""breaks"":2,""periods"":22785000}","32","f"
"140","11","2017-11-30","{""breaks"":4,""periods"":4260000}","35","f"
"141","2","2017-11-30","{""breaks"":4,""periods"":-5115000}","31","f"
"142","7","2017-12-01","{""type"":""firstuse""}","32","f"
"143","2","2017-11-30","{""breaks"":2,""periods"":3840000}","29","f"
"144","12","2017-11-30","{""breaks"":2,""periods"":-11250000}","38","f"
"145","1","2017-12-01","{""breaks"":1,""periods"":0}","32","f"
"146","3","2017-12-01","{""breaks"":4,""periods"":-3840000}","29","f"
"147","1","2017-12-01","{""breaks"":1,""periods"":0}","30","f"
"148","7","2017-12-02","{""breaks"":0,""periods"":-40560000}","37","f"
"149","13","2017-12-02","{""breaks"":0,""periods"":-19560000}","38","f"
"150","3","2017-12-01","{""breaks"":-2,""periods"":-4590000}","31","f"
"151","12","2017-12-01","{""breaks"":-3,""periods"":-4095000}","35","f"
"152","13","2017-12-02","{""breaks"":-1,""periods"":-4170000}","35","f"
"153","14","2017-12-01","{""breaks"":1,""periods"":-11385000}","41","f"
"154","6","2017-12-01","{""breaks"":-1,""periods"":-45225000}","42","f"
"155","15","2017-12-04","{""breaks"":1,""periods"":3810000}","41","f"
"156","4","2017-12-04","{""breaks"":1,""periods"":8370000}","31","f"
"157","14","2017-12-04","{""breaks"":2,""periods"":0}","38","f"
"158","2","2017-12-04","{""breaks"":3,""periods"":8010000}","32","f"
"159","8","2017-11-30","{""breaks"":0,""periods"":-13620000}","39","f"
"160","9","2017-12-01","{""breaks"":0,""periods"":-35895000}","39","f"
"161","5","2017-12-05","{""breaks"":1,""periods"":-3105000}","31","f"
"162","7","2017-12-05","{""breaks"":5,""periods"":6690000}","42","f"
"163","2","2017-12-05","{""breaks"":2,""periods"":14880000}","30","f"
"164","14","2017-12-04","{""breaks"":3,""periods"":3930000}","35","f"
"165","15","2017-12-05","{""breaks"":-3,""periods"":-3930000}","35","f"
"166","3","2017-12-05","{""breaks"":-2,""periods"":-3180000}","32","f"
"167","1","2017-12-06","{""type"":""firstuse""}","39","f"
"168","4","2017-12-06","{""type"":""firstuse""}","29","f"
"169","5","2017-12-05","{""breaks"":2,""periods"":23685000}","29","f"
"170","6","2017-12-06","{""breaks"":-2,""periods"":-5265000}","31","f"
"171","8","2017-12-06","{""breaks"":1,""periods"":-27210000}","37","f"
"172","16","2017-12-06","{""breaks"":7,""periods"":8385000}","35","f"
"173","15","2017-12-06","{""breaks"":1,""periods"":0}","38","f"
"174","16","2017-12-06","{""breaks"":1,""periods"":21225000}","41","f"
"175","17","2017-12-07","{""breaks"":-3,""periods"":-8385000}","35","f"
"176","3","2017-12-07","{""breaks"":1,""periods"":-13800000}","30","f"
"177","17","2017-12-07","{""breaks"":-1,""periods"":-975000}","41","f"
"178","4","2017-12-08","{""breaks"":-2,""periods"":-20850000}","30","f"
"179","9","2017-12-09","{""breaks"":0,""periods"":-29295000}","37","f"
"180","18","2017-12-08","{""breaks"":0,""periods"":-27165000}","41","f"
"181","19","2017-12-09","{""breaks"":-1,""periods"":-7605000}","41","f"
"182","20","2017-12-11","{""breaks"":3,""periods"":4140000}","41","f"
"183","10","2017-12-11","{""breaks"":1,""periods"":0}","37","f"
"184","7","2017-12-07","{""breaks"":3,""periods"":0}","31","f"
"185","18","2017-12-11","{""breaks"":5,""periods"":0}","35","f"
"186","1","2017-12-11","{""breaks"":2,""periods"":3660000}","39","f"
"187","5","2017-12-11","{""breaks"":2,""periods"":0}","30","f"
"188","21","2017-12-12","{""breaks"":-2,""periods"":-4140000}","41","f"
"189","6","2017-12-12","{""breaks"":2,""periods"":0}","30","f"
"190","11","2017-12-12","{""breaks"":1,""periods"":0}","37","f"
"191","16","2017-12-12","{""breaks"":1,""periods"":0}","38","f"
"192","8","2017-12-07","{""breaks"":0,""periods"":-9015000}","42","f"
"193","9","2017-12-08","{""breaks"":-3,""periods"":-6765000}","42","f"
"194","22","2017-12-13","{""breaks"":1,""periods"":3810000}","41","f"
"195","10","2017-12-13","{""breaks"":2,""periods"":7515000}","42","f"
"196","2","2017-12-13","{""breaks"":-1,""periods"":-4470000}","39","f"
"197","23","2017-12-14","{""breaks"":-2,""periods"":-3810000}","41","f"
"198","8","2017-12-14","{""breaks"":3,""periods"":-11565000}","31","f"
"199","19","2017-12-14","{""breaks"":3,""periods"":-4830000}","35","f"
"200","3","2017-12-14","{""breaks"":0,""periods"":-4125000}","39","f"
"201","4","2017-12-15","{""breaks"":0,""periods"":-5280000}","39","f"
"202","1","2017-12-15","{""breaks"":0,""periods"":-4590000}","30","f"
"203","9","2017-12-15","{""breaks"":-3,""periods"":-105000}","31","f"
"204","10","2017-12-16","{""breaks"":0,""periods"":-11925000}","31","f"
"205","12","2017-12-15","{""breaks"":1,""periods"":0}","37","f"
"206","24","2017-12-15","{""breaks"":2,""periods"":4260000}","41","f"
"207","25","2017-12-16","{""breaks"":-2,""periods"":-4260000}","41","f"
"208","11","2017-12-14","{""breaks"":-1,""periods"":-7515000}","42","f"
"209","17","2017-12-15","{""breaks"":1,""periods"":6180000}","38","f"
"210","18","2017-12-16","{""breaks"":-1,""periods"":-6180000}","38","f"
"211","6","2017-12-08","{""breaks"":2,""periods"":28590000}","29","f"
"212","7","2017-12-09","{""breaks"":-2,""periods"":-28590000}","29","f"
"213","8","2017-12-12","{""breaks"":0,""periods"":-46380000}","29","f"
"214","26","2017-12-18","{""breaks"":1,""periods"":0}","41","f"
"215","2","2017-12-18","{""breaks"":1,""periods"":22785000}","30","f"
"216","20","2017-12-18","{""breaks"":1,""periods"":11415000}","35","f"
"217","12","2017-12-18","{""breaks"":1,""periods"":13005000}","42","f"
"218","21","2017-12-19","{""type"":""firstuse""}","35","f"
"219","27","2017-12-19","{""breaks"":2,""periods"":0}","41","f"
"220","13","2017-12-19","{""breaks"":4,""periods"":-9060000}","42","f"
"221","3","2017-12-19","{""breaks"":0,""periods"":-17190000}","30","f"
"222","11","2017-12-18","{""breaks"":2,""periods"":8865000}","31","f"
"223","12","2017-12-19","{""breaks"":-2,""periods"":-8865000}","31","f"
"224","9","2017-12-19","{""breaks"":1,""periods"":37545000}","29","f"
"225","13","2017-12-20","{""breaks"":4,""periods"":4440000}","31","f"
"226","4","2017-12-20","{""breaks"":-1,""periods"":-5595000}","30","f"
"227","5","2017-12-21","{""breaks"":1,""periods"":43875000}","30","f"
"228","14","2017-12-22","{""breaks"":0,""periods"":-5295000}","31","f"
"229","6","2017-12-22","{""breaks"":-1,""periods"":-41775000}","30","f"
"230","10","2017-12-20","{""breaks"":1,""periods"":40590000}","29","f"
"231","11","2017-12-21","{""breaks"":-2,""periods"":-78135000}","29","f"
"232","12","2017-12-31","{""breaks"":7,""periods"":0}","29","f"
"233","13","2017-12-02","{""breaks"":-6,""periods"":-6990000}","29","f"
"234","14","2017-12-04","{""breaks"":1,""periods"":4890000}","29","f"
"235","15","2018-01-02","{""breaks"":-2,""periods"":-4290000}","29","f"
"236","16","2018-01-03","{""breaks"":3,""periods"":-6330000}","29","f"
"237","17","2018-01-05","{""breaks"":-2,""periods"":-8355000}","29","f"
"238","14","2017-12-20","{""breaks"":-2,""periods"":-3945000}","42","f"
"239","5","2017-12-18","{""breaks"":2,""periods"":0}","39","f"
"240","6","2017-12-20","{""breaks"":2,""periods"":0}","39","f"
"241","4","2017-12-07","{""breaks"":1,""periods"":-4515000}","32","f"
"242","5","2017-12-08","{""breaks"":-2,""periods"":-10995000}","32","f"
"243","6","2018-01-05","{""breaks"":5,""periods"":-10020000}","32","f"
"244","7","2018-01-06","{""breaks"":-5,""periods"":-3945000}","32","f"
"245","28","2017-12-21","{""breaks"":3,""periods"":0}","41","f"
"246","15","2018-01-08","{""type"":""firstuse""}","42","f"
"247","7","2018-01-08","{""breaks"":1,""periods"":13530000}","39","f"
"248","29","2018-01-08","{""breaks"":2,""periods"":8535000}","41","f"
"249","8","2018-01-08","{""breaks"":2,""periods"":8700000}","32","f"
"250","8","2018-01-09","{""breaks"":0,""periods"":-5640000}","39","f"
"251","9","2018-01-09","{""breaks"":1,""periods"":-5085000}","32","f"
"252","30","2018-01-09","{""breaks"":-1,""periods"":-8535000}","41","f"
"253","18","2018-01-08","{""breaks"":3,""periods"":15765000}","29","f"
"254","19","2018-01-09","{""breaks"":-3,""periods"":-24630000}","29","f"
"255","9","2018-01-10","{""breaks"":2,""periods"":630000}","39","f"
"256","1","2018-01-10","{""breaks"":1,""periods"":0}","44","f"
"257","10","2018-01-11","{""breaks"":-3,""periods"":-8520000}","39","f"
"258","10","2018-01-11","{""breaks"":1,""periods"":4845000}","32","f"
"259","1","2018-01-12","{""breaks"":0,""periods"":-13065000}","30","f"
"260","11","2018-01-13","{""breaks"":-2,""periods"":-8625000}","32","f"
"261","11","2018-01-12","{""breaks"":5,""periods"":0}","39","f"
"262","1","2018-01-11","{""type"":""firstuse""}","42","f"
"263","2","2018-01-12","{""breaks"":-1,""periods"":-21225000}","42","f"
"264","31","2018-01-12","{""breaks"":1,""periods"":43830000}","41","f"
"265","32","2018-01-13","{""breaks"":-1,""periods"":-43830000}","41","f"
"266","2","2018-01-15","{""breaks"":1,""periods"":0}","30","f"
"267","12","2018-01-15","{""breaks"":3,""periods"":8820000}","39","f"
"268","12","2018-01-15","{""breaks"":2,""periods"":13140000}","32","f"
"269","3","2018-01-15","{""breaks"":2,""periods"":4785000}","42","f"
"270","13","2018-01-16","{""breaks"":-3,""periods"":-8820000}","39","f"
"272","33","2018-01-16","{""breaks"":0,""periods"":-21180000}","41","f"
"273","1","2018-01-16","{""breaks"":3,""periods"":180000}","29","f"
"274","2","2018-01-12","{""breaks"":0,""periods"":-7365000}","44","f"
"275","2","2018-01-17","{""type"":""firstuse""}","29","f"
"276","3","2018-01-17","{""breaks"":0,""periods"":-9885000}","30","f"
"277","13","2018-01-18","{""type"":""firstuse""}","32","f"
"278","14","2018-01-17","{""breaks"":-2,""periods"":-2940000}","32","f"
"280","14","2018-01-17","{""breaks"":1,""periods"":12840000}","39","f"
"281","15","2018-01-18","{""breaks"":-1,""periods"":-12840000}","39","f"
"282","34","2018-01-18","{""breaks"":0,""periods"":-9630000}","41","f"
"283","4","2018-01-20","{""breaks"":0,""periods"":-23160000}","30","f"
"285","1","2018-01-19","{""breaks"":2,""periods"":0}","32","f"
"286","4","2018-01-19","{""breaks"":0,""periods"":-51465000}","42","f"
"287","3","2018-01-19","{""breaks"":1,""periods"":3915000}","29","f"
"288","4","2018-01-20","{""breaks"":-1,""periods"":-3915000}","29","f"
"289","5","2018-01-18","{""breaks"":-2,""periods"":-9840000}","29","f"
"290","2","2018-01-22","{""breaks"":2,""periods"":13140000}","32","f"
"292","35","2018-01-19","{""breaks"":1,""periods"":-8520000}","41","f"
"293","5","2018-01-23","{""breaks"":0,""periods"":-38220000}","30","f"
"294","36","2018-01-23","{""breaks"":2,""periods"":3705000}","41","f"
"295","3","2018-01-23","{""breaks"":-1,""periods"":-6330000}","32","f"
"296","16","2018-01-19","{""breaks"":4,""periods"":3750000}","39","f"
"297","17","2018-01-20","{""breaks"":-4,""periods"":-3750000}","39","f"
"298","6","2018-01-22","{""breaks"":1,""periods"":4365000}","29","f"
"299","18","2018-01-24","{""breaks"":2,""periods"":4515000}","39","f"
"300","6","2018-01-24","{""breaks"":0,""periods"":-7320000}","30","f"
"301","1","2018-01-22","{""breaks"":1,""periods"":9000000}","42","f"
"302","2","2018-01-23","{""breaks"":-1,""periods"":-9000000}","42","f"
"303","4","2018-01-24","{""breaks"":1,""periods"":-525000}","32","f"
"305","7","2018-01-24","{""breaks"":1,""periods"":-24390000}","29","f"
"306","7","2018-01-25","{""breaks"":1,""periods"":9300000}","30","f"
"308","8","2018-01-25","{""breaks"":0,""periods"":-4770000}","29","f"
"309","19","2018-01-26","{""type"":""firstuse""}","39","f"
"310","8","2018-01-27","{""breaks"":0,""periods"":-44925000}","30","f"
"311","20","2018-01-27","{""breaks"":0,""periods"":-23415000}","39","f"
"312","5","2018-01-26","{""breaks"":2,""periods"":-14505000}","32","f"
"313","3","2018-01-25","{""breaks"":1,""periods"":0}","42","f"
"314","6","2018-01-29","{""breaks"":1,""periods"":15870000}","32","f"
"315","37","2018-01-24","{""breaks"":3,""periods"":615000}","41","f"
"316","38","2018-01-25","{""breaks"":-5,""periods"":-4320000}","41","f"
"317","4","2018-01-29","{""breaks"":1,""periods"":5385000}","42","f"
"318","9","2018-01-30","{""breaks"":1,""periods"":37035000}","30","f"
"319","39","2018-01-30","{""breaks"":1,""periods"":8775000}","41","f"
"320","7","2018-01-30","{""breaks"":0,""periods"":-8130000}","32","f"
"321","40","2018-01-31","{""breaks"":2,""periods"":-8775000}","41","f"
"323","8","2018-01-31","{""breaks"":2,""periods"":3990000}","32","f"
"324","1","2018-01-31","{""breaks"":1,""periods"":-3135000}","29","f"
"325","41","2018-02-01","{""breaks"":2,""periods"":3660000}","41","f"
"327","2","2018-02-01","{""breaks"":2,""periods"":-5040000}","29","f"
"328","9","2018-02-02","{""breaks"":0,""periods"":-12345000}","32","f"
"329","5","2018-01-31","{""breaks"":0,""periods"":-7710000}","42","f"
"332","3","2018-02-02","{""breaks"":-3,""periods"":-6420000}","29","f"
"333","42","2018-02-02","{""breaks"":-2,""periods"":-3660000}","41","f"
"334","10","2018-02-01","{""breaks"":0,""periods"":-49785000}","30","f"
"336","6","2018-02-05","{""breaks"":1,""periods"":13305000}","42","f"
"337","7","2018-02-06","{""breaks"":-1,""periods"":-13305000}","42","f"
"338","10","2018-02-05","{""breaks"":1,""periods"":4470000}","32","f"
"339","11","2018-02-06","{""breaks"":-1,""periods"":-4470000}","32","f"
"340","21","2018-01-30","{""breaks"":0,""periods"":-9690000}","39","f"
"341","8","2018-01-30","{""breaks"":-1,""periods"":-5385000}","42","f"
"342","11","2018-02-07","{""breaks"":0,""periods"":-129615000}","30","f"
"343","1","2018-02-07","{""breaks"":1,""periods"":3615000}","41","f"
"344","2","2018-02-07","{""breaks"":1,""periods"":3615000}","41","f"
"345","9","2018-02-07","{""breaks"":3,""periods"":0}","42","f"
"346","10","2018-02-07","{""breaks"":3,""periods"":0}","42","f"
"349","1","2018-02-08","{""breaks"":1,""periods"":12780000}","26","t"
"350","3","2018-02-08","{""breaks"":1,""periods"":-3615000}","41","f"
"351","4","2018-02-08","{""breaks"":1,""periods"":-3615000}","41","f"
"352","22","2018-02-08","{""breaks"":1,""periods"":16155000}","39","f"
"353","2","2018-02-09","{""breaks"":3,""periods"":40755000}","26","t"
"354","11","2018-02-09","{""breaks"":0,""periods"":-15405000}","42","f"
"355","12","2018-02-09","{""breaks"":0,""periods"":-15405000}","42","f"
"356","1","2018-02-09","{""breaks"":0,""periods"":-40335000}","49","f"
"357","12","2018-02-10","{""breaks"":0,""periods"":-18225000}","30","f"
"358","23","2018-02-09","{""breaks"":0,""periods"":-9210000}","39","f"
"359","24","2018-02-09","{""breaks"":0,""periods"":-9210000}","39","f"
"360","25","2018-02-10","{""breaks"":-1,""periods"":-6945000}","39","f"
"361","26","2018-02-10","{""breaks"":-1,""periods"":-6945000}","39","f"
"362","2","2018-02-11","{""breaks"":1,""periods"":3720000}","49","f"
"363","12","2018-02-10","{""breaks"":0,""periods"":-51780000}","32","f"
"366","3","2018-02-12","{""breaks"":4,""periods"":12210000}","49","f"
"367","13","2018-02-12","{""breaks"":2,""periods"":20010000}","32","f"
"368","14","2018-02-12","{""breaks"":2,""periods"":20010000}","32","f"
"369","27","2018-02-12","{""breaks"":1,""periods"":15480000}","39","f"
"370","1","2018-02-13","{""breaks"":6,""periods"":0}","51","t"
"371","1","2018-02-13","{""breaks"":2,""periods"":3945000}","50","t"
"372","28","2018-02-13","{""breaks"":-1,""periods"":-15480000}","39","f"
"373","2","2018-02-14","{""breaks"":1,""periods"":0}","50","t"
"374","5","2018-02-13","{""breaks"":2,""periods"":-8985000}","41","f"
"375","4","2018-02-14","{""breaks"":-1,""periods"":-23775000}","49","f"
"376","2","2018-02-15","{""breaks"":1,""periods"":0}","51","t"
"377","15","2018-02-14","{""breaks"":1,""periods"":4500000}","32","f"
"378","16","2018-02-14","{""breaks"":1,""periods"":4500000}","32","f"
"379","17","2018-02-15","{""breaks"":-1,""periods"":-48465000}","32","f"
"380","18","2018-02-15","{""breaks"":-1,""periods"":-48465000}","32","f"
"381","1","2018-02-16","{""breaks"":3,""periods"":5070000}","55","t"
"382","1","2018-02-16","{""breaks"":2,""periods"":9750000}","53","t"
"383","1","2018-02-16","{""breaks"":3,""periods"":0}","54","t"
"384","13","2018-02-16","{""breaks"":0,""periods"":-1850625000}","30","f"
"385","2","2018-02-17","{""breaks"":-2,""periods"":-38085000}","53","t"
"386","2","2018-02-17","{""breaks"":-3,""periods"":-5070000}","55","t"
"387","1","2018-02-16","{""breaks"":0,""periods"":-54450000}","52","t"
"388","3","2018-02-15","{""breaks"":-1,""periods"":-26505000}","50","t"
"389","4","2018-02-16","{""breaks"":-2,""periods"":-4455000}","50","t"
"390","29","2018-02-15","{""breaks"":0,""periods"":-22545000}","39","f"
"391","19","2018-02-16","{""breaks"":1,""periods"":71190000}","32","f"
"392","20","2018-02-17","{""breaks"":-1,""periods"":-71190000}","32","f"
"393","2","2018-02-19","{""breaks"":2,""periods"":21360000}","52","t"
"394","3","2018-02-19","{""breaks"":1,""periods"":0}","53","t"
"395","1","2018-02-19","{""breaks"":1,""periods"":24960000}","39","f"
"396","5","2018-02-19","{""breaks"":3,""periods"":0}","50","t"
"397","6","2018-02-16","{""breaks"":4,""periods"":0}","41","f"
"398","7","2018-02-16","{""breaks"":4,""periods"":0}","41","f"
"399","4","2018-02-20","{""breaks"":2,""periods"":0}","53","t"
"400","3","2018-02-20","{""breaks"":0,""periods"":-21360000}","52","t"
"401","3","2018-02-20","{""breaks"":3,""periods"":-4635000}","55","t"
"419","3","2018-02-21","{""breaks"":1,""periods"":9585000}","51","t"
"420","6","2018-02-21","{""breaks"":2,""periods"":5820000}","50","t"
"421","4","2018-02-22","{""breaks"":0,""periods"":-6225000}","55","t"
"422","1","2018-02-22","{""breaks"":0,""periods"":-17565000}","29","f"
"423","2","2018-02-21","{""breaks"":0,""periods"":-49215000}","39","f"
"424","3","2018-02-22","{""breaks"":0,""periods"":-27825000}","39","f"
"425","2","2018-02-23","{""breaks"":1,""periods"":-11925000}","29","f"
"426","1","2018-02-22","{""breaks"":-1,""periods"":-25920000}","30","f"
"427","2","2018-02-23","{""breaks"":-1,""periods"":-25920000}","30","f"
"428","3","2018-02-23","{""breaks"":-1,""periods"":-25920000}","30","f"
"429","4","2018-02-24","{""breaks"":-1,""periods"":-25920000}","30","f"
"430","3","2018-02-24","{""breaks"":-1,""periods"":-5640000}","29","f"
"431","4","2018-02-22","{""breaks"":0,""periods"":-28485000}","52","t"
"432","2","2018-02-23","{""breaks"":0,""periods"":-108075000}","54","t"
"433","5","2018-02-23","{""breaks"":2,""periods"":-10545000}","55","t"
"434","5","2018-02-25","{""breaks"":-1,""periods"":-25920000}","30","f"
"435","8","2018-02-21","{""breaks"":0,""periods"":-3765000}","41","f"
"440","21","2018-01-25","{""breaks"":-1,""periods"":-675000}","32","f"
"441","22","2018-01-25","{""breaks"":-1,""periods"":-675000}","32","f"
"442","23","2018-02-07","{""breaks"":-1,""periods"":-4470000}","32","f"
"443","24","2018-02-07","{""breaks"":-1,""periods"":-4470000}","32","f"
"444","25","2018-02-11","{""breaks"":0,""periods"":-51780000}","32","f"
"445","26","2018-02-11","{""breaks"":0,""periods"":-51780000}","32","f"
"446","27","2018-02-18","{""breaks"":-1,""periods"":-49440000}","32","f"
"447","28","2018-02-18","{""breaks"":-1,""periods"":-49440000}","32","f"
"448","29","2018-02-19","{""breaks"":-1,""periods"":-49440000}","32","f"
"449","30","2018-02-19","{""breaks"":-1,""periods"":-49440000}","32","f"
"450","31","2018-02-20","{""breaks"":-1,""periods"":-49440000}","32","f"
"451","32","2018-02-20","{""breaks"":-1,""periods"":-49440000}","32","f"
"452","33","2018-02-21","{""breaks"":-1,""periods"":-49440000}","32","f"
"453","34","2018-02-21","{""breaks"":-1,""periods"":-49440000}","32","f"
"454","35","2018-02-22","{""breaks"":-1,""periods"":-49440000}","32","f"
"455","36","2018-02-22","{""breaks"":-1,""periods"":-49440000}","32","f"
"456","37","2018-02-23","{""breaks"":-1,""periods"":-49440000}","32","f"
"457","38","2018-02-23","{""breaks"":-1,""periods"":-49440000}","32","f"
"458","39","2018-02-24","{""breaks"":-1,""periods"":-49440000}","32","f"
"459","40","2018-02-24","{""breaks"":-1,""periods"":-49440000}","32","f"
"460","41","2018-02-25","{""breaks"":-1,""periods"":-49440000}","32","f"
"461","42","2018-02-25","{""breaks"":-1,""periods"":-49440000}","32","f"
"462","5","2018-02-26","{""breaks"":3,""periods"":0}","53","t"
"463","6","2018-02-26","{""breaks"":2,""periods"":8115000}","55","t"
"464","5","2018-02-26","{""breaks"":2,""periods"":0}","52","t"
"465","3","2018-02-26","{""breaks"":3,""periods"":0}","54","t"
"466","7","2018-02-22","{""breaks"":-2,""periods"":-37095000}","50","t"
"467","43","2018-02-26","{""breaks"":-1,""periods"":-9885000}","32","f"
"468","44","2018-02-23","{""breaks"":-1,""periods"":-49440000}","32","f"
"469","45","2018-02-24","{""breaks"":-1,""periods"":-49440000}","32","f"
"470","46","2018-02-24","{""breaks"":-1,""periods"":-49440000}","32","f"
"471","47","2018-02-25","{""breaks"":-1,""periods"":-49440000}","32","f"
"472","48","2018-02-25","{""breaks"":-1,""periods"":-49440000}","32","f"
"473","49","2018-02-26","{""breaks"":-1,""periods"":-9885000}","32","f"
"474","50","2018-02-26","{""breaks"":-1,""periods"":-9885000}","32","f"
"475","6","2018-02-27","{""breaks"":2,""periods"":0}","52","t"
"476","4","2018-02-27","{""breaks"":0,""periods"":-24555000}","29","f"
"477","9","2018-02-27","{""breaks"":2,""periods"":-23085000}","41","f"
"478","51","2018-02-27","{""breaks"":1,""periods"":-31005000}","32","f"
"482","52","2018-02-28","{""breaks"":1,""periods"":1830000}","32","f"
"483","53","2018-02-28","{""breaks"":1,""periods"":1830000}","32","f"
"484","6","2018-02-28","{""breaks"":1,""periods"":3615000}","30","f"
"485","7","2018-03-01","{""breaks"":-2,""periods"":-33930000}","30","f"
"489","54","2018-03-02","{""breaks"":-1,""periods"":-8865000}","32","f"
"490","1","2018-03-03","{""breaks"":-2,""periods"":-35595000}","54","f"
"491","55","2018-03-03","{""breaks"":0,""periods"":-3120000}","32","f"
"492","2","2018-03-04","{""breaks"":-2,""periods"":-35595000}","54","f"
"493","3","2018-03-05","{""breaks"":-2,""periods"":-35595000}","54","f"
"494","10","2018-02-28","{""breaks"":0,""periods"":-9645000}","41","f"
"495","11","2018-03-01","{""breaks"":-2,""periods"":-9120000}","41","f"
"496","12","2018-03-02","{""breaks"":-2,""periods"":-9120000}","41","f"
"497","13","2018-03-03","{""breaks"":-2,""periods"":-9120000}","41","f"
"498","14","2018-03-04","{""breaks"":-2,""periods"":-9120000}","41","f"
"499","15","2018-03-05","{""breaks"":-2,""periods"":-9120000}","41","f"
"500","1","2018-03-06","{""breaks"":2,""periods"":3630000}","53","f"
"501","4","2018-03-06","{""breaks"":-1,""periods"":-24465000}","54","f"
"502","5","2018-03-06","{""breaks"":-1,""periods"":-24465000}","54","f"
"503","1","2018-03-06","{""breaks"":3,""periods"":-6135000}","50","f"
"504","1","2018-03-06","{""breaks"":-2,""periods"":-18330000}","55","f"
"505","2","2018-03-06","{""breaks"":-2,""periods"":-18330000}","55","f"
"506","1","2018-03-07","{""breaks"":0,""periods"":-5010000}","52","f"
"507","2","2018-03-07","{""breaks"":-2,""periods"":-3630000}","53","f"
"508","3","2018-03-07","{""breaks"":-1,""periods"":-12525000}","55","f"
"509","4","2018-03-07","{""breaks"":-1,""periods"":-12525000}","55","f"
"510","3","2018-03-08","{""breaks"":1,""periods"":0}","53","f"
"511","5","2018-03-08","{""breaks"":2,""periods"":8265000}","55","f"
"512","56","2018-02-13","{""breaks"":-2,""periods"":-4260000}","32","f"
"513","57","2018-03-01","{""breaks"":1,""periods"":0}","32","f"
"514","58","2018-03-04","{""breaks"":1,""periods"":2985000}","32","f"
"515","59","2018-03-05","{""breaks"":-1,""periods"":-10020000}","32","f"
"516","60","2018-03-06","{""breaks"":-1,""periods"":-10020000}","32","f"
"517","61","2018-03-07","{""breaks"":-1,""periods"":-10020000}","32","f"
"518","62","2018-03-08","{""breaks"":-1,""periods"":-10020000}","32","f"
"519","56","2018-02-13","{""breaks"":-2,""periods"":-4260000}","32","f"
"520","57","2018-03-01","{""breaks"":1,""periods"":0}","32","f"
"521","58","2018-03-04","{""breaks"":1,""periods"":2985000}","32","f"
"522","59","2018-03-05","{""breaks"":-1,""periods"":-10020000}","32","f"
"523","60","2018-03-06","{""breaks"":-1,""periods"":-10020000}","32","f"
"524","61","2018-03-07","{""breaks"":-1,""periods"":-10020000}","32","f"
"525","62","2018-03-08","{""breaks"":-1,""periods"":-10020000}","32","f"
"526","63","2018-03-09","{""breaks"":-1,""periods"":-10020000}","32","f"
"527","63","2018-03-09","{""breaks"":-1,""periods"":-10020000}","32","f"
"528","63","2018-03-09","{""breaks"":-1,""periods"":-10020000}","32","f"
"529","63","2018-03-09","{""breaks"":-1,""periods"":-10020000}","32","f"
"530","64","2018-03-10","{""breaks"":-1,""periods"":-10020000}","32","f"
"531","6","2018-03-08","{""breaks"":0,""periods"":-6255000}","54","f"
"532","7","2018-03-08","{""breaks"":0,""periods"":-6255000}","54","f"
"533","8","2018-03-09","{""breaks"":0,""periods"":-13290000}","54","f"
"534","9","2018-03-09","{""breaks"":0,""periods"":-13290000}","54","f"
"535","10","2018-03-10","{""breaks"":0,""periods"":-13290000}","54","f"
"536","11","2018-03-10","{""breaks"":0,""periods"":-13290000}","54","f"
"537","12","2018-03-11","{""breaks"":0,""periods"":-13290000}","54","f"
"538","13","2018-03-11","{""breaks"":0,""periods"":-13290000}","54","f"
"539","2","2018-03-08","{""breaks"":2,""periods"":-10260000}","50","f"
"540","6","2018-03-09","{""breaks"":-1,""periods"":-9045000}","55","f"
"541","7","2018-03-09","{""breaks"":-1,""periods"":-9045000}","55","f"
"542","8","2018-03-10","{""breaks"":-2,""periods"":-4905000}","55","f"
"543","9","2018-03-10","{""breaks"":-2,""periods"":-4905000}","55","f"
"544","10","2018-03-11","{""breaks"":-2,""periods"":-4905000}","55","f"
"545","11","2018-03-11","{""breaks"":-2,""periods"":-4905000}","55","f"
"546","16","2018-03-06","{""breaks"":-2,""periods"":-3885000}","41","f"
"547","17","2018-03-07","{""breaks"":-2,""periods"":-9120000}","41","f"
"548","18","2018-03-08","{""breaks"":-2,""periods"":-9120000}","41","f"
"549","19","2018-03-09","{""breaks"":-2,""periods"":-9120000}","41","f"
"550","20","2018-03-10","{""breaks"":-2,""periods"":-9120000}","41","f"
"551","21","2018-03-11","{""breaks"":-2,""periods"":-9120000}","41","f"
"552","12","2018-03-12","{""breaks"":0,""periods"":-4905000}","55","f"
"553","2","2018-03-08","{""breaks"":3,""periods"":-8190000}","52","f"
"554","3","2018-03-12","{""breaks"":1,""periods"":0}","50","f"
"555","1","2018-03-07","{""breaks"":-2,""periods"":-7455000}","51","f"
"556","2","2018-03-08","{""breaks"":-2,""periods"":-7455000}","51","f"
"557","3","2018-03-09","{""breaks"":-2,""periods"":-7455000}","51","f"
"558","4","2018-03-10","{""breaks"":-2,""periods"":-7455000}","51","f"
"559","5","2018-03-11","{""breaks"":-2,""periods"":-7455000}","51","f"
"560","6","2018-03-12","{""breaks"":-2,""periods"":-7455000}","51","f"
"561","7","2018-03-13","{""breaks"":-2,""periods"":-7455000}","51","f"
"562","4","2018-02-23","{""breaks"":0,""periods"":-30315000}","51","t"
"563","3","2018-03-14","{""breaks"":1,""periods"":-7785000}","52","f"
"564","4","2018-03-14","{""breaks"":-2,""periods"":-195000}","50","f"
"565","13","2018-03-14","{""breaks"":1,""periods"":-5085000}","55","f"
"566","14","2018-03-13","{""breaks"":3,""periods"":4455000}","54","f"
"567","15","2018-03-13","{""breaks"":3,""periods"":4455000}","54","f"
"568","16","2018-03-14","{""breaks"":-3,""periods"":-19830000}","54","f"
"569","17","2018-03-14","{""breaks"":-3,""periods"":-19830000}","54","f"
"570","4","2018-03-14","{""breaks"":-1,""periods"":-4905000}","53","f"
"571","14","2018-03-15","{""breaks"":2,""periods"":-1935000}","55","f"
"572","5","2018-03-15","{""breaks"":-1,""periods"":-4905000}","53","f"
"573","18","2018-03-15","{""breaks"":-3,""periods"":-7125000}","54","f"
"574","19","2018-03-15","{""breaks"":-3,""periods"":-7125000}","54","f"
"575","20","2018-03-12","{""breaks"":0,""periods"":-5505000}","54","f"
"576","21","2018-03-16","{""breaks"":0,""periods"":-5505000}","54","f"
"577","22","2018-03-16","{""breaks"":0,""periods"":-5505000}","54","f"
"578","23","2018-03-17","{""breaks"":1,""periods"":-600000}","54","f"
"579","24","2018-03-17","{""breaks"":1,""periods"":-600000}","54","f"
"580","6","2018-03-16","{""breaks"":0,""periods"":-4905000}","53","f"
"581","7","2018-03-16","{""breaks"":0,""periods"":-4905000}","53","f"
"582","5","2018-03-15","{""breaks"":2,""periods"":-3945000}","50","f"
"583","25","2018-03-18","{""breaks"":-1,""periods"":-4905000}","54","f"
"584","8","2018-03-19","{""breaks"":3,""periods"":0}","53","f"
"585","15","2018-03-17","{""breaks"":-2,""periods"":-4935000}","55","f"
"586","16","2018-03-18","{""breaks"":-2,""periods"":-4935000}","55","f"
"587","17","2018-03-19","{""breaks"":-2,""periods"":-4935000}","55","f"
"588","18","2018-03-16","{""breaks"":-2,""periods"":-3810000}","55","f"
"589","19","2018-03-16","{""breaks"":-2,""periods"":-3810000}","55","f"
"590","8","2018-03-15","{""breaks"":1,""periods"":-12465000}","51","f"
"591","9","2018-03-15","{""breaks"":1,""periods"":-12465000}","51","f"
"592","10","2018-03-16","{""breaks"":-1,""periods"":-16800000}","51","f"
"593","11","2018-03-16","{""breaks"":-1,""periods"":-16800000}","51","f"
"594","12","2018-03-17","{""breaks"":-1,""periods"":-16800000}","51","f"
"595","13","2018-03-17","{""breaks"":-1,""periods"":-16800000}","51","f"
"596","14","2018-03-18","{""breaks"":-1,""periods"":-16800000}","51","f"
"597","15","2018-03-18","{""breaks"":-1,""periods"":-16800000}","51","f"
"598","16","2018-03-19","{""breaks"":-1,""periods"":-16800000}","51","f"
"599","17","2018-03-19","{""breaks"":-1,""periods"":-16800000}","51","f"
"600","18","2018-03-20","{""breaks"":-1,""periods"":-16800000}","51","f"
"601","19","2018-03-20","{""breaks"":-1,""periods"":-16800000}","51","f"
"602","26","2018-03-19","{""breaks"":-1,""periods"":-4905000}","54","f"
"603","27","2018-03-20","{""breaks"":-1,""periods"":-4905000}","54","f"
"604","20","2018-03-21","{""breaks"":-2,""periods"":-17220000}","55","f"
"605","6","2018-03-21","{""breaks"":2,""periods"":3015000}","50","f"
"606","28","2018-03-21","{""breaks"":1,""periods"":-4905000}","54","f"
"607","29","2018-03-21","{""breaks"":1,""periods"":-4905000}","54","f"
"608","20","2018-03-21","{""breaks"":1,""periods"":-2655000}","51","f"
"609","21","2018-03-21","{""breaks"":1,""periods"":-2655000}","51","f"
"610","21","2018-03-13","{""breaks"":-2,""periods"":-4785000}","55","f"
"611","22","2018-03-22","{""breaks"":3,""periods"":4575000}","55","f"
"612","23","2018-03-22","{""breaks"":3,""periods"":4575000}","55","f"
"613","8","2018-03-02","{""breaks"":-2,""periods"":-33930000}","30","f"
"614","9","2018-03-02","{""breaks"":-2,""periods"":-33930000}","30","f"
"615","10","2018-02-26","{""breaks"":0,""periods"":-3960000}","30","f"
"616","24","2018-03-23","{""breaks"":-1,""periods"":-4575000}","55","f"
"617","30","2018-03-23","{""breaks"":-1,""periods"":-9405000}","54","f"
"618","31","2018-03-23","{""breaks"":-1,""periods"":-9405000}","54","f"
"619","32","2018-03-24","{""breaks"":-1,""periods"":-9405000}","54","f"
"620","33","2018-03-24","{""breaks"":-1,""periods"":-9405000}","54","f"
"621","30","2018-03-23","{""breaks"":-1,""periods"":-9405000}","54","f"
"622","31","2018-03-23","{""breaks"":-1,""periods"":-9405000}","54","f"
"623","32","2018-03-24","{""breaks"":-1,""periods"":-9405000}","54","f"
"624","33","2018-03-24","{""breaks"":-1,""periods"":-9405000}","54","f"
"625","9","2018-03-23","{""breaks"":4,""periods"":0}","53","f"
"626","7","2018-03-23","{""breaks"":-2,""periods"":-9240000}","50","f"
"627","8","2018-03-24","{""breaks"":-2,""periods"":-9240000}","50","f"
"628","9","2018-03-25","{""breaks"":-2,""periods"":-9240000}","50","f"
"629","1","2018-03-21","{""breaks"":0,""periods"":-6900000}","58","f"
"630","2","2018-03-21","{""breaks"":0,""periods"":-6900000}","58","f"
"631","3","2018-03-22","{""breaks"":0,""periods"":-6900000}","58","f"
"632","4","2018-03-22","{""breaks"":0,""periods"":-6900000}","58","f"
"633","5","2018-03-23","{""breaks"":0,""periods"":-6900000}","58","f"
"634","6","2018-03-23","{""breaks"":0,""periods"":-6900000}","58","f"
"635","7","2018-03-24","{""breaks"":0,""periods"":-6900000}","58","f"
"636","8","2018-03-24","{""breaks"":0,""periods"":-6900000}","58","f"
"637","9","2018-03-25","{""breaks"":0,""periods"":-6900000}","58","f"
"638","10","2018-03-25","{""breaks"":0,""periods"":-6900000}","58","f"
"639","34","2018-03-26","{""breaks"":0,""periods"":-42390000}","54","f"
"640","35","2018-03-26","{""breaks"":0,""periods"":-42390000}","54","f"
"641","22","2018-03-22","{""breaks"":2,""periods"":-14100000}","51","f"
"642","10","2018-03-16","{""breaks"":-4,""periods"":-28545000}","50","f"
"643","11","2018-03-17","{""breaks"":-4,""periods"":-28545000}","50","f"
"644","12","2018-03-18","{""breaks"":-4,""periods"":-28545000}","50","f"
"645","13","2018-03-20","{""breaks"":-1,""periods"":-4230000}","50","f"
"646","14","2018-03-22","{""breaks"":-1,""periods"":-27555000}","50","f"
"647","15","2018-03-26","{""breaks"":1,""periods"":22710000}","50","f"
"648","4","2018-03-22","{""breaks"":3,""periods"":0}","52","f"
"649","5","2018-03-23","{""breaks"":-2,""periods"":-10830000}","52","f"
"650","6","2018-03-23","{""breaks"":-2,""periods"":-10830000}","52","f"
"651","7","2018-03-24","{""breaks"":-2,""periods"":-10830000}","52","f"
"652","8","2018-03-24","{""breaks"":-2,""periods"":-10830000}","52","f"
"653","9","2018-03-25","{""breaks"":-2,""periods"":-10830000}","52","f"
"654","10","2018-03-25","{""breaks"":-2,""periods"":-10830000}","52","f"
"655","11","2018-03-26","{""breaks"":-2,""periods"":-10830000}","52","f"
"656","12","2018-03-26","{""breaks"":-2,""periods"":-10830000}","52","f"
"657","13","2018-03-27","{""breaks"":-2,""periods"":-10830000}","52","f"
"658","14","2018-03-27","{""breaks"":-2,""periods"":-10830000}","52","f"
"659","36","2018-03-27","{""breaks"":4,""periods"":-33735000}","54","f"
"660","37","2018-03-27","{""breaks"":4,""periods"":-33735000}","54","f"
"661","38","2018-03-25","{""breaks"":-1,""periods"":-9405000}","54","f"
"662","11","2018-03-26","{""breaks"":0,""periods"":-6900000}","58","f"
"663","12","2018-03-26","{""breaks"":0,""periods"":-6900000}","58","f"
"664","13","2018-03-27","{""breaks"":0,""periods"":-6900000}","58","f"
"665","14","2018-03-27","{""breaks"":0,""periods"":-6900000}","58","f"
"666","15","2018-03-28","{""breaks"":1,""periods"":-2625000}","58","f"
"667","16","2018-03-28","{""breaks"":1,""periods"":-2625000}","58","f"
"668","16","2018-03-28","{""breaks"":1,""periods"":4800000}","50","f"
"669","25","2018-03-28","{""breaks"":1,""periods"":8115000}","55","f"
"670","26","2018-03-29","{""breaks"":-3,""periods"":-4050000}","55","f"
"671","39","2018-03-29","{""breaks"":-2,""periods"":-750000}","54","f"
"672","40","2018-03-29","{""breaks"":-2,""periods"":-750000}","54","f"
"673","27","2018-03-30","{""breaks"":0,""periods"":-4065000}","55","f"
"674","41","2018-03-30","{""breaks"":1,""periods"":-615000}","54","f"
"675","42","2018-03-30","{""breaks"":1,""periods"":-615000}","54","f"
"676","43","2018-03-31","{""breaks"":1,""periods"":-2730000}","54","f"
"677","44","2018-03-31","{""breaks"":1,""periods"":-2730000}","54","f"
"678","45","2018-04-02","{""breaks"":3,""periods"":-26160000}","54","f"
"679","46","2018-04-02","{""breaks"":3,""periods"":-26160000}","54","f"
"680","10","2018-03-29","{""breaks"":2,""periods"":0}","53","f"
"681","28","2018-03-31","{""breaks"":0,""periods"":-4065000}","55","f"
"682","29","2018-04-01","{""breaks"":0,""periods"":-4065000}","55","f"
"683","30","2018-04-02","{""breaks"":0,""periods"":-4065000}","55","f"
"684","31","2018-04-03","{""breaks"":0,""periods"":-4065000}","55","f"
"685","17","2018-03-29","{""breaks"":1,""periods"":-4800000}","50","f"
"686","32","2018-04-04","{""breaks"":2,""periods"":5175000}","55","f"
"687","1","2018-03-30","{""breaks"":-2,""periods"":-3810000}","57","f"
"688","2","2018-03-31","{""breaks"":-2,""periods"":-3810000}","57","f"
"689","3","2018-04-01","{""breaks"":-2,""periods"":-3810000}","57","f"
"690","4","2018-04-02","{""breaks"":-2,""periods"":-3810000}","57","f"
"691","5","2018-04-03","{""breaks"":-2,""periods"":-3810000}","57","f"
"692","6","2018-04-04","{""breaks"":-2,""periods"":-3810000}","57","f"
"693","33","2018-04-05","{""breaks"":-2,""periods"":-9240000}","55","f"
"694","47","2018-04-04","{""breaks"":-3,""periods"":-6630000}","54","f"
"695","48","2018-04-05","{""breaks"":-3,""periods"":-6630000}","54","f"
"696","49","2018-04-07","{""breaks"":-2,""periods"":-12330000}","54","f"
"697","50","2018-04-07","{""breaks"":-2,""periods"":-12330000}","54","f"
"698","17","2018-03-29","{""breaks"":2,""periods"":-3210000}","58","f"
"699","18","2018-03-30","{""breaks"":-2,""periods"":-3690000}","58","f"
"700","19","2018-03-31","{""breaks"":-2,""periods"":-3690000}","58","f"
"701","20","2018-04-01","{""breaks"":-2,""periods"":-3690000}","58","f"
"702","21","2018-04-02","{""breaks"":-2,""periods"":-3690000}","58","f"
"703","22","2018-04-03","{""breaks"":-2,""periods"":-3690000}","58","f"
"704","23","2018-04-04","{""breaks"":-2,""periods"":-3690000}","58","f"
"705","24","2018-04-05","{""breaks"":-2,""periods"":-3690000}","58","f"
"706","25","2018-04-06","{""breaks"":-2,""periods"":-3690000}","58","f"
"707","26","2018-04-07","{""breaks"":-2,""periods"":-3690000}","58","f"
"708","27","2018-04-08","{""breaks"":-2,""periods"":-3690000}","58","f"
"709","7","2018-04-05","{""breaks"":-2,""periods"":-3810000}","57","f"
"710","8","2018-04-06","{""breaks"":-2,""periods"":-3810000}","57","f"
"711","9","2018-04-07","{""breaks"":-2,""periods"":-3810000}","57","f"
"712","10","2018-04-08","{""breaks"":-2,""periods"":-3810000}","57","f"
"713","51","2018-04-08","{""breaks"":-2,""periods"":-12330000}","54","f"
"714","11","2018-04-09","{""breaks"":0,""periods"":-3810000}","57","f"
"715","28","2018-04-09","{""breaks"":1,""periods"":-3690000}","58","f"
"716","29","2018-04-09","{""breaks"":1,""periods"":-3690000}","58","f"
"717","52","2018-04-09","{""breaks"":1,""periods"":-12330000}","54","f"
"718","53","2018-04-09","{""breaks"":1,""periods"":-12330000}","54","f"
"719","22","2018-03-12","{""breaks"":-2,""periods"":-9120000}","41","f"
"720","23","2018-03-13","{""breaks"":-2,""periods"":-9120000}","41","f"
"721","24","2018-03-14","{""breaks"":-2,""periods"":-9120000}","41","f"
"722","25","2018-03-15","{""breaks"":-2,""periods"":-9120000}","41","f"
"723","26","2018-03-16","{""breaks"":-2,""periods"":-9120000}","41","f"
"724","27","2018-03-17","{""breaks"":-2,""periods"":-9120000}","41","f"
"725","28","2018-03-18","{""breaks"":-2,""periods"":-9120000}","41","f"
"726","29","2018-03-19","{""breaks"":-2,""periods"":-9120000}","41","f"
"727","30","2018-03-20","{""breaks"":-2,""periods"":-9120000}","41","f"
"728","31","2018-03-21","{""breaks"":-2,""periods"":-9120000}","41","f"
"729","32","2018-03-22","{""breaks"":-2,""periods"":-9120000}","41","f"
"730","33","2018-03-23","{""breaks"":-2,""periods"":-9120000}","41","f"
"731","34","2018-03-24","{""breaks"":-2,""periods"":-9120000}","41","f"
"732","35","2018-03-24","{""breaks"":-2,""periods"":-9120000}","41","f"
"733","36","2018-03-25","{""breaks"":-2,""periods"":-9120000}","41","f"
"734","37","2018-03-25","{""breaks"":-2,""periods"":-9120000}","41","f"
"735","38","2018-03-26","{""breaks"":-2,""periods"":-9120000}","41","f"
"736","39","2018-03-26","{""breaks"":-2,""periods"":-9120000}","41","f"
"737","40","2018-03-27","{""breaks"":-2,""periods"":-9120000}","41","f"
"738","41","2018-03-27","{""breaks"":-2,""periods"":-9120000}","41","f"
"739","42","2018-03-28","{""breaks"":-2,""periods"":-9120000}","41","f"
"740","43","2018-03-28","{""breaks"":-2,""periods"":-9120000}","41","f"
"741","44","2018-03-29","{""breaks"":-2,""periods"":-9120000}","41","f"
"742","45","2018-03-29","{""breaks"":-2,""periods"":-9120000}","41","f"
"743","15","2018-04-11","{""breaks"":5,""periods"":0}","52","f"
"744","11","2018-04-12","{""breaks"":1,""periods"":0}","53","f"
"745","12","2018-04-12","{""breaks"":1,""periods"":0}","53","f"
"746","30","2018-04-11","{""breaks"":-1,""periods"":-5340000}","58","f"
"747","31","2018-04-11","{""breaks"":-1,""periods"":-5340000}","58","f"
"748","54","2018-04-15","{""breaks"":3,""periods"":4605000}","54","f"
"749","32","2018-04-13","{""breaks"":1,""periods"":-1680000}","58","f"
"750","33","2018-04-14","{""breaks"":-1,""periods"":-3660000}","58","f"
"751","34","2018-04-15","{""breaks"":-1,""periods"":-3660000}","58","f"
"752","34","2018-04-06","{""breaks"":-1,""periods"":-5490000}","55","f"
"753","35","2018-04-07","{""breaks"":-1,""periods"":-3750000}","55","f"
"754","36","2018-04-08","{""breaks"":-1,""periods"":-3750000}","55","f"
"755","37","2018-04-09","{""breaks"":-1,""periods"":-3750000}","55","f"
"756","38","2018-04-10","{""breaks"":-1,""periods"":-3750000}","55","f"
"757","39","2018-04-11","{""breaks"":-1,""periods"":-3750000}","55","f"
"758","40","2018-04-12","{""breaks"":-1,""periods"":-3750000}","55","f"
"759","41","2018-04-13","{""breaks"":-1,""periods"":-3750000}","55","f"
"760","42","2018-04-14","{""breaks"":-1,""periods"":-3750000}","55","f"
"761","43","2018-04-15","{""breaks"":-1,""periods"":-3750000}","55","f"
"762","44","2018-04-16","{""breaks"":3,""periods"":6480000}","55","f"
"763","35","2018-04-16","{""breaks"":-1,""periods"":-3660000}","58","f"
"764","36","2018-04-16","{""breaks"":-1,""periods"":-3660000}","58","f"
"765","45","2018-04-17","{""breaks"":-1,""periods"":-6615000}","55","f"
"766","18","2018-04-17","{""breaks"":2,""periods"":6075000}","50","f"
"767","46","2018-04-18","{""breaks"":2,""periods"":-3615000}","55","f"
"768","19","2018-04-18","{""breaks"":-3,""periods"":-6075000}","50","f"
"769","55","2018-04-16","{""breaks"":-4,""periods"":-4605000}","54","f"
"770","37","2018-04-17","{""breaks"":-1,""periods"":-3660000}","58","f"
"771","38","2018-04-18","{""breaks"":-1,""periods"":-3660000}","58","f"
"772","39","2018-04-19","{""breaks"":-1,""periods"":-3660000}","58","f"
"773","16","2018-04-13","{""breaks"":2,""periods"":3735000}","52","f"
"774","17","2018-04-13","{""breaks"":2,""periods"":3735000}","52","f"
"775","18","2018-04-14","{""breaks"":-3,""periods"":-3735000}","52","f"
"776","19","2018-04-14","{""breaks"":-3,""periods"":-3735000}","52","f"
"777","20","2018-04-15","{""breaks"":-3,""periods"":-3735000}","52","f"
"778","21","2018-04-15","{""breaks"":-3,""periods"":-3735000}","52","f"
"779","22","2018-04-16","{""breaks"":1,""periods"":-30000}","52","f"
"780","23","2018-04-17","{""breaks"":2,""periods"":-3705000}","52","f"
"781","13","2018-04-16","{""breaks"":1,""periods"":0}","53","f"
"782","40","2018-04-20","{""breaks"":4,""periods"":2775000}","58","f"
"783","41","2018-04-20","{""breaks"":4,""periods"":2775000}","58","f"
"784","14","2018-04-20","{""breaks"":5,""periods"":0}","53","f"
"785","15","2018-04-20","{""breaks"":5,""periods"":0}","53","f"
"786","4","2018-04-20","{""breaks"":-2,""periods"":-4800000}","39","f"
"787","42","2018-04-21","{""breaks"":-3,""periods"":-6435000}","58","f"
"788","20","2018-04-19","{""breaks"":1,""periods"":0}","50","f"
"789","43","2018-04-22","{""breaks"":3,""periods"":11490000}","58","f"
"790","44","2018-04-22","{""breaks"":3,""periods"":11490000}","58","f"
"791","21","2018-04-23","{""breaks"":3,""periods"":3645000}","50","f"
"792","45","2018-04-23","{""breaks"":-5,""periods"":-7035000}","58","f"
"793","22","2018-04-24","{""breaks"":0,""periods"":-3645000}","50","f"
"794","46","2018-04-24","{""breaks"":-3,""periods"":-2910000}","58","f"
"795","16","2018-03-13","{""breaks"":1,""periods"":4905000}","53","f"
"796","17","2018-03-13","{""breaks"":1,""periods"":4905000}","53","f"
"797","18","2018-03-24","{""breaks"":-5,""periods"":-3780000}","53","f"
"798","19","2018-03-24","{""breaks"":-5,""periods"":-3780000}","53","f"
"799","20","2018-03-25","{""breaks"":-5,""periods"":-3780000}","53","f"
"800","21","2018-03-25","{""breaks"":-5,""periods"":-3780000}","53","f"
"801","22","2018-03-26","{""breaks"":-1,""periods"":-3780000}","53","f"
"802","23","2018-03-26","{""breaks"":-1,""periods"":-3780000}","53","f"
"803","23","2018-04-24","{""breaks"":-1,""periods"":-6960000}","51","f"
"804","5","2018-04-24","{""breaks"":1,""periods"":4125000}","39","f"
"805","24","2018-04-25","{""breaks"":-1,""periods"":-4845000}","52","f"
"806","47","2018-04-25","{""breaks"":0,""periods"":-4440000}","58","f"
"807","25","2018-03-06","{""breaks"":0,""periods"":-4890000}","52","f"
"808","26","2018-03-06","{""breaks"":0,""periods"":-4890000}","52","f"
"809","27","2018-03-09","{""breaks"":-3,""periods"":-12840000}","52","f"
"810","28","2018-03-09","{""breaks"":-3,""periods"":-12840000}","52","f"
"811","29","2018-03-10","{""breaks"":-3,""periods"":-12840000}","52","f"
"812","30","2018-03-10","{""breaks"":-3,""periods"":-12840000}","52","f"
"813","31","2018-03-11","{""breaks"":-3,""periods"":-12840000}","52","f"
"814","32","2018-03-11","{""breaks"":-3,""periods"":-12840000}","52","f"
"815","33","2018-03-12","{""breaks"":-3,""periods"":-12840000}","52","f"
"816","34","2018-03-12","{""breaks"":-3,""periods"":-12840000}","52","f"
"817","35","2018-03-16","{""breaks"":-3,""periods"":-11820000}","52","f"
"818","36","2018-03-16","{""breaks"":-3,""periods"":-11820000}","52","f"
"819","37","2018-03-17","{""breaks"":-3,""periods"":-11820000}","52","f"
"820","38","2018-03-17","{""breaks"":-3,""periods"":-11820000}","52","f"
"821","39","2018-03-18","{""breaks"":-3,""periods"":-11820000}","52","f"
"822","40","2018-03-18","{""breaks"":-3,""periods"":-11820000}","52","f"
"823","41","2018-03-19","{""breaks"":-2,""periods"":-11820000}","52","f"
"824","42","2018-03-19","{""breaks"":-2,""periods"":-11820000}","52","f"
"825","43","2018-03-28","{""breaks"":-1,""periods"":-5640000}","52","f"
"826","44","2018-03-28","{""breaks"":-1,""periods"":-5640000}","52","f"
"827","45","2018-03-29","{""breaks"":-1,""periods"":-765000}","52","f"
"828","46","2018-03-29","{""breaks"":-1,""periods"":-765000}","52","f"
"829","47","2018-03-30","{""breaks"":-1,""periods"":-4875000}","52","f"
"830","48","2018-03-30","{""breaks"":-1,""periods"":-4875000}","52","f"
"831","49","2018-03-31","{""breaks"":-1,""periods"":-4875000}","52","f"
"832","50","2018-03-31","{""breaks"":-1,""periods"":-4875000}","52","f"
"833","51","2018-04-01","{""breaks"":-1,""periods"":-4875000}","52","f"
"834","52","2018-04-01","{""breaks"":-1,""periods"":-4875000}","52","f"
"835","53","2018-04-02","{""breaks"":-1,""periods"":-4875000}","52","f"
"836","54","2018-04-02","{""breaks"":-1,""periods"":-4875000}","52","f"
"837","55","2018-04-03","{""breaks"":-1,""periods"":-4875000}","52","f"
"838","56","2018-04-03","{""breaks"":-1,""periods"":-4875000}","52","f"
"839","57","2018-04-04","{""breaks"":-1,""periods"":-4875000}","52","f"
"840","58","2018-04-04","{""breaks"":-1,""periods"":-4875000}","52","f"
"841","59","2018-04-05","{""breaks"":-1,""periods"":-4875000}","52","f"
"842","60","2018-04-05","{""breaks"":-1,""periods"":-4875000}","52","f"
"843","61","2018-04-06","{""breaks"":-1,""periods"":-4875000}","52","f"
"844","62","2018-04-06","{""breaks"":-1,""periods"":-4875000}","52","f"
"845","63","2018-04-07","{""breaks"":-1,""periods"":-4875000}","52","f"
"846","64","2018-04-07","{""breaks"":-1,""periods"":-4875000}","52","f"
"847","6","2018-04-25","{""breaks"":-1,""periods"":-90000}","39","f"
"848","7","2018-04-25","{""breaks"":-1,""periods"":-90000}","39","f"
"849","65","2018-04-08","{""breaks"":-1,""periods"":-4875000}","52","f"
"850","66","2018-04-08","{""breaks"":-1,""periods"":-4875000}","52","f"
"851","67","2018-04-09","{""breaks"":-1,""periods"":-4875000}","52","f"
"852","68","2018-04-09","{""breaks"":-1,""periods"":-4875000}","52","f"
"853","69","2018-04-10","{""breaks"":0,""periods"":-735000}","52","f"
"854","70","2018-04-12","{""breaks"":3,""periods"":-13455000}","52","f"
"855","71","2018-04-10","{""breaks"":0,""periods"":-735000}","52","f"
"856","72","2018-04-19","{""breaks"":3,""periods"":-13845000}","52","f"
"857","73","2018-04-19","{""breaks"":3,""periods"":-13845000}","52","f"
"858","74","2018-04-24","{""breaks"":3,""periods"":525000}","52","f"
"859","75","2018-04-24","{""breaks"":3,""periods"":525000}","52","f"
"860","24","2018-04-16","{""breaks"":1,""periods"":0}","51","f"
"861","25","2018-04-16","{""breaks"":1,""periods"":0}","51","f"
"862","26","2018-04-25","{""breaks"":-1,""periods"":-6960000}","51","f"
"863","27","2018-04-25","{""breaks"":-1,""periods"":-6960000}","51","f"
"864","24","2018-04-26","{""breaks"":-1,""periods"":-4035000}","53","f"
"865","76","2018-04-26","{""breaks"":2,""periods"":585000}","52","f"
"866","8","2018-04-26","{""breaks"":2,""periods"":2910000}","39","f"
"867","9","2018-04-26","{""breaks"":2,""periods"":2910000}","39","f"
"868","77","2018-04-27","{""breaks"":-2,""periods"":-5025000}","52","f"
"869","78","2018-04-28","{""breaks"":-2,""periods"":-5025000}","52","f"
"870","48","2018-04-26","{""breaks"":-1,""periods"":-4140000}","58","f"
"871","49","2018-04-27","{""breaks"":-2,""periods"":-4140000}","58","f"
"872","50","2018-04-28","{""breaks"":-2,""periods"":-4140000}","58","f"
"873","51","2018-04-29","{""breaks"":-2,""periods"":-4140000}","58","f"
"874","79","2018-04-29","{""breaks"":-2,""periods"":-5025000}","52","f"
"875","80","2018-04-29","{""breaks"":-2,""periods"":-5025000}","52","f"
"876","23","2018-04-26","{""breaks"":3,""periods"":-435000}","50","f"
"877","24","2018-04-27","{""breaks"":-4,""periods"":-3750000}","50","f"
"878","25","2018-04-28","{""breaks"":-4,""periods"":-3750000}","50","f"
"879","26","2018-04-29","{""breaks"":-4,""periods"":-3750000}","50","f"
"880","10","2018-04-27","{""breaks"":-3,""periods"":-6945000}","39","f"
"881","11","2018-04-28","{""breaks"":-3,""periods"":-6945000}","39","f"
"882","12","2018-04-29","{""breaks"":-3,""periods"":-6945000}","39","f"
"883","81","2018-04-30","{""breaks"":2,""periods"":-1230000}","52","f"
"884","82","2018-04-30","{""breaks"":2,""periods"":-1230000}","52","f"
"885","52","2018-04-30","{""breaks"":0,""periods"":-4140000}","58","f"
"886","25","2018-04-27","{""breaks"":-1,""periods"":-4035000}","53","f"
"887","26","2018-04-28","{""breaks"":-1,""periods"":-4035000}","53","f"
"888","27","2018-04-29","{""breaks"":-1,""periods"":-4035000}","53","f"
"889","28","2018-04-30","{""breaks"":-1,""periods"":-4035000}","53","f"
"890","83","2018-03-13","{""breaks"":1,""periods"":-330000}","52","f"
"891","84","2018-03-13","{""breaks"":1,""periods"":-330000}","52","f"
"892","85","2018-05-01","{""breaks"":3,""periods"":-13080000}","52","f"
"893","86","2018-05-01","{""breaks"":3,""periods"":-13080000}","52","f"
"894","27","2018-04-30","{""breaks"":-3,""periods"":-3750000}","50","f"
"895","87","2018-05-02","{""breaks"":-2,""periods"":-5070000}","52","f"
"896","88","2018-05-02","{""breaks"":-2,""periods"":-5070000}","52","f"
"897","46","2018-04-23","{""breaks"":-2,""periods"":-14520000}","41","f"
"898","47","2018-04-23","{""breaks"":-2,""periods"":-14520000}","41","f"
"899","48","2018-04-24","{""breaks"":-2,""periods"":-14520000}","41","f"
"900","49","2018-04-24","{""breaks"":-2,""periods"":-14520000}","41","f"
"901","50","2018-04-25","{""breaks"":-2,""periods"":-14520000}","41","f"
"902","51","2018-04-25","{""breaks"":-2,""periods"":-14520000}","41","f"
"903","52","2018-04-26","{""breaks"":-2,""periods"":-14520000}","41","f"
"904","53","2018-04-26","{""breaks"":-2,""periods"":-14520000}","41","f"
"905","54","2018-04-27","{""breaks"":-2,""periods"":-14520000}","41","f"
"906","55","2018-04-27","{""breaks"":-2,""periods"":-14520000}","41","f"
"907","56","2018-04-28","{""breaks"":-2,""periods"":-14520000}","41","f"
"908","57","2018-04-28","{""breaks"":-2,""periods"":-14520000}","41","f"
"909","58","2018-04-29","{""breaks"":-2,""periods"":-14520000}","41","f"
"910","59","2018-04-29","{""breaks"":-2,""periods"":-14520000}","41","f"
"911","60","2018-04-30","{""breaks"":-2,""periods"":-14520000}","41","f"
"912","61","2018-04-30","{""breaks"":-2,""periods"":-14520000}","41","f"
"913","62","2018-05-01","{""breaks"":-2,""periods"":-14520000}","41","f"
"914","63","2018-05-01","{""breaks"":-2,""periods"":-14520000}","41","f"
"915","64","2018-05-02","{""breaks"":-2,""periods"":-14520000}","41","f"
"916","65","2018-05-02","{""breaks"":-2,""periods"":-14520000}","41","f"
"917","13","2018-04-30","{""breaks"":-3,""periods"":-6945000}","39","f"
"918","14","2018-05-01","{""breaks"":-3,""periods"":-6945000}","39","f"
"919","15","2018-05-02","{""breaks"":-3,""periods"":-6945000}","39","f"
"920","16","2018-05-03","{""breaks"":-3,""periods"":-6945000}","39","f"
"921","17","2018-05-04","{""breaks"":-3,""periods"":-6945000}","39","f"
"922","18","2018-05-05","{""breaks"":-3,""periods"":-6945000}","39","f"
"923","19","2018-05-06","{""breaks"":-3,""periods"":-6945000}","39","f"
"924","29","2018-05-01","{""breaks"":-1,""periods"":-4035000}","53","f"
"925","30","2018-05-02","{""breaks"":-1,""periods"":-4035000}","53","f"
"926","31","2018-05-03","{""breaks"":-1,""periods"":-4035000}","53","f"
"927","32","2018-05-04","{""breaks"":-1,""periods"":-4035000}","53","f"
"928","33","2018-05-05","{""breaks"":-1,""periods"":-4035000}","53","f"
"929","34","2018-05-06","{""breaks"":-1,""periods"":-4035000}","53","f"
"930","35","2018-05-07","{""breaks"":-1,""periods"":-4035000}","53","f"
"931","89","2018-05-03","{""breaks"":1,""periods"":0}","52","f"
"932","66","2018-05-03","{""breaks"":1,""periods"":-14520000}","41","f"
"933","53","2018-05-01","{""breaks"":1,""periods"":1560000}","58","f"
"934","54","2018-05-02","{""breaks"":0,""periods"":-7605000}","58","f"
"935","55","2018-05-03","{""breaks"":-2,""periods"":-13785000}","58","f"
"936","56","2018-05-04","{""breaks"":-2,""periods"":-13785000}","58","f"
"937","57","2018-05-05","{""breaks"":-2,""periods"":-13785000}","58","f"
"938","58","2018-05-06","{""breaks"":-2,""periods"":-13785000}","58","f"
"939","59","2018-05-07","{""breaks"":-2,""periods"":-13785000}","58","f"
"940","20","2018-05-07","{""breaks"":-3,""periods"":-6945000}","39","f"
"941","90","2018-05-08","{""breaks"":1,""periods"":0}","52","f"
"942","91","2018-05-08","{""breaks"":1,""periods"":0}","52","f"
"943","36","2018-05-08","{""breaks"":-1,""periods"":-4035000}","53","f"
"944","37","2018-05-08","{""breaks"":-1,""periods"":-4035000}","53","f"
"945","38","2018-05-09","{""breaks"":-1,""periods"":-4035000}","53","f"
"946","39","2018-05-09","{""breaks"":-1,""periods"":-4035000}","53","f"
"947","40","2018-04-06","{""breaks"":0,""periods"":-3750000}","53","f"
"948","41","2018-04-06","{""breaks"":0,""periods"":-3750000}","53","f"
"949","42","2018-04-07","{""breaks"":0,""periods"":-3750000}","53","f"
"950","43","2018-04-07","{""breaks"":0,""periods"":-3750000}","53","f"
"951","44","2018-04-08","{""breaks"":0,""periods"":-3750000}","53","f"
"952","45","2018-04-08","{""breaks"":0,""periods"":-3750000}","53","f"
"953","46","2018-04-09","{""breaks"":0,""periods"":-3750000}","53","f"
"954","47","2018-04-09","{""breaks"":0,""periods"":-3750000}","53","f"
"955","48","2018-04-10","{""breaks"":2,""periods"":-3750000}","53","f"
"956","49","2018-04-10","{""breaks"":2,""periods"":-3750000}","53","f"
"957","50","2018-04-11","{""breaks"":1,""periods"":5340000}","53","f"
"958","51","2018-04-11","{""breaks"":2,""periods"":5340000}","53","f"
"959","52","2018-03-09","{""breaks"":2,""periods"":7980000}","53","f"
"960","53","2018-03-09","{""breaks"":2,""periods"":7980000}","53","f"
"961","54","2018-03-10","{""breaks"":-3,""periods"":-11745000}","53","f"
"962","55","2018-03-10","{""breaks"":-3,""periods"":-11745000}","53","f"
"963","56","2018-03-11","{""breaks"":-3,""periods"":-11745000}","53","f"
"964","57","2018-03-11","{""breaks"":-3,""periods"":-11745000}","53","f"
"965","58","2018-03-12","{""breaks"":3,""periods"":-11745000}","53","f"
"966","59","2018-03-12","{""breaks"":3,""periods"":-11745000}","53","f"
"967","60","2018-03-17","{""breaks"":-1,""periods"":-9090000}","53","f"
"968","61","2018-03-17","{""breaks"":-1,""periods"":-9090000}","53","f"
"969","62","2018-03-18","{""breaks"":-1,""periods"":-9090000}","53","f"
"970","63","2018-03-18","{""breaks"":-1,""periods"":-9090000}","53","f"
"971","64","2018-03-20","{""breaks"":0,""periods"":-9060000}","53","f"
"972","65","2018-03-20","{""breaks"":0,""periods"":-9060000}","53","f"
"973","66","2018-04-05","{""breaks"":0,""periods"":-3750000}","53","f"
"974","67","2018-04-05","{""breaks"":0,""periods"":-3750000}","53","f"
"975","68","2018-04-13","{""breaks"":-1,""periods"":-150000}","53","f"
"976","69","2018-04-13","{""breaks"":-1,""periods"":-150000}","53","f"
"977","70","2018-04-14","{""breaks"":-3,""periods"":-4065000}","53","f"
"978","71","2018-04-14","{""breaks"":-3,""periods"":-4065000}","53","f"
"979","72","2018-04-15","{""breaks"":-3,""periods"":-4065000}","53","f"
"980","73","2018-04-15","{""breaks"":-3,""periods"":-4065000}","53","f"
"981","74","2018-04-17","{""breaks"":-2,""periods"":-8295000}","53","f"
"982","75","2018-04-17","{""breaks"":-2,""periods"":-8295000}","53","f"
"983","76","2018-04-18","{""breaks"":-2,""periods"":-8295000}","53","f"
"984","77","2018-04-18","{""breaks"":-2,""periods"":-8295000}","53","f"
"985","78","2018-04-19","{""breaks"":-2,""periods"":-8295000}","53","f"
"986","79","2018-04-19","{""breaks"":-2,""periods"":-8295000}","53","f"
"987","80","2018-04-21","{""breaks"":-4,""periods"":-10065000}","53","f"
"988","81","2018-04-21","{""breaks"":-4,""periods"":-10065000}","53","f"
"989","82","2018-04-22","{""breaks"":-4,""periods"":-10065000}","53","f"
"990","83","2018-04-22","{""breaks"":-4,""periods"":-10065000}","53","f"
"991","84","2018-04-23","{""breaks"":-4,""periods"":-10065000}","53","f"
"992","85","2018-04-23","{""breaks"":-4,""periods"":-10065000}","53","f"
"993","86","2018-04-24","{""breaks"":-4,""periods"":-10065000}","53","f"
"994","87","2018-04-24","{""breaks"":-4,""periods"":-10065000}","53","f"
"995","67","2018-05-09","{""breaks"":1,""periods"":-12435000}","41","f"
"996","21","2018-05-08","{""breaks"":-3,""periods"":-6945000}","39","f"
"997","22","2018-05-09","{""breaks"":-3,""periods"":-6945000}","39","f"
"998","68","2018-05-10","{""breaks"":1,""periods"":-3615000}","41","f"
"999","23","2018-05-10","{""breaks"":-3,""periods"":-6945000}","39","f"
"1000","92","2018-05-10","{""breaks"":-2,""periods"":-2715000}","52","f"
"1001","93","2018-05-11","{""breaks"":-1,""periods"":-8130000}","52","f"
"1002","24","2018-05-11","{""breaks"":-3,""periods"":-6945000}","39","f"
"1003","25","2018-05-12","{""breaks"":-3,""periods"":-6945000}","39","f"
"1004","26","2018-05-13","{""breaks"":-3,""periods"":-6945000}","39","f"
"1005","94","2018-05-12","{""breaks"":-1,""periods"":-8130000}","52","f"
"1006","95","2018-05-13","{""breaks"":-1,""periods"":-8130000}","52","f"
"1007","60","2018-05-08","{""breaks"":-2,""periods"":-13785000}","58","f"
"1008","61","2018-05-09","{""breaks"":-2,""periods"":-13785000}","58","f"
"1009","62","2018-05-10","{""breaks"":-2,""periods"":-13785000}","58","f"
"1010","63","2018-05-11","{""breaks"":-2,""periods"":-13785000}","58","f"
"1011","64","2018-05-12","{""breaks"":-2,""periods"":-13785000}","58","f"
"1012","65","2018-05-13","{""breaks"":-2,""periods"":-13785000}","58","f"
"1013","66","2018-05-14","{""breaks"":-2,""periods"":-13785000}","58","f"
"1014","27","2018-05-14","{""breaks"":-3,""periods"":-6945000}","39","f"
"1015","96","2018-05-14","{""breaks"":2,""periods"":-8130000}","52","f"
"1016","97","2018-05-14","{""breaks"":2,""periods"":-8130000}","52","f"
"1017","28","2018-05-15","{""breaks"":-3,""periods"":-6945000}","39","f"
"1018","29","2018-05-16","{""breaks"":-3,""periods"":-6945000}","39","f"
"1019","98","2018-05-16","{""breaks"":1,""periods"":4875000}","52","f"
"1020","99","2018-05-16","{""breaks"":1,""periods"":4875000}","52","f"
"1021","69","2018-05-16","{""breaks"":-2,""periods"":-4185000}","41","f"
"1022","70","2018-05-17","{""breaks"":-2,""periods"":-4185000}","41","f"
"1023","30","2018-05-17","{""breaks"":-3,""periods"":-6945000}","39","f"
"1024","31","2018-05-18","{""breaks"":-3,""periods"":-6945000}","39","f"
"1025","71","2018-05-18","{""breaks"":1,""periods"":-4185000}","41","f"
"1026","32","2018-05-19","{""breaks"":-3,""periods"":-6945000}","39","f"
"1027","100","2018-05-18","{""breaks"":-1,""periods"":-9825000}","52","f"
"1028","101","2018-05-19","{""breaks"":-1,""periods"":-9825000}","52","f"
"1029","102","2018-05-20","{""breaks"":-1,""periods"":-9825000}","52","f"
"1030","103","2018-05-20","{""breaks"":-1,""periods"":-9825000}","52","f"
"1031","104","2018-05-21","{""breaks"":6,""periods"":-5310000}","52","f"
"1032","105","2018-05-21","{""breaks"":6,""periods"":-5310000}","52","f"
"1033","33","2018-05-20","{""breaks"":-3,""periods"":-6945000}","39","f"
"1034","34","2018-05-21","{""breaks"":-3,""periods"":-6945000}","39","f"
"1035","67","2018-05-15","{""breaks"":-2,""periods"":-13785000}","58","f"
"1036","68","2018-05-16","{""breaks"":-2,""periods"":-13785000}","58","f"
"1037","69","2018-05-17","{""breaks"":-2,""periods"":-13785000}","58","f"
"1038","70","2018-05-18","{""breaks"":-2,""periods"":-13785000}","58","f"
"1039","71","2018-05-19","{""breaks"":-2,""periods"":-13785000}","58","f"
"1040","72","2018-05-20","{""breaks"":-2,""periods"":-13785000}","58","f"
"1041","73","2018-05-21","{""breaks"":-2,""periods"":-13785000}","58","f"
"1042","74","2018-05-22","{""breaks"":-2,""periods"":-13785000}","58","f"
"1043","35","2018-05-22","{""breaks"":-3,""periods"":-6945000}","39","f"
"1044","36","2018-05-23","{""breaks"":-3,""periods"":-6945000}","39","f"
"1045","106","2018-05-23","{""breaks"":1,""periods"":2850000}","52","f"
"1046","37","2018-05-24","{""breaks"":-3,""periods"":-6945000}","39","f"
"1047","38","2018-05-25","{""breaks"":-3,""periods"":-6945000}","39","f"
"1048","39","2018-05-26","{""breaks"":-3,""periods"":-6945000}","39","f"
"1049","40","2018-05-27","{""breaks"":-3,""periods"":-6945000}","39","f"
"1050","107","2018-05-24","{""breaks"":1,""periods"":-6150000}","52","f"
"1051","108","2018-05-25","{""breaks"":-4,""periods"":-7620000}","52","f"
"1052","109","2018-05-26","{""breaks"":-4,""periods"":-7620000}","52","f"
"1053","110","2018-05-27","{""breaks"":-4,""periods"":-7620000}","52","f"
"1054","111","2018-05-28","{""breaks"":-4,""periods"":-7620000}","52","f"
"1055","41","2018-05-28","{""breaks"":-3,""periods"":-6945000}","39","f"
"1056","42","2018-05-29","{""breaks"":-3,""periods"":-6945000}","39","f"
"1057","112","2018-05-29","{""breaks"":-4,""periods"":-7620000}","52","f"
"1058","113","2018-05-29","{""breaks"":-4,""periods"":-7620000}","52","f"
"1059","43","2018-05-30","{""breaks"":-3,""periods"":-6945000}","39","f"
"1060","114","2018-05-30","{""breaks"":-1,""periods"":-2610000}","52","f"
"1061","115","2018-05-30","{""breaks"":-1,""periods"":-2610000}","52","f"
"1062","44","2018-05-31","{""breaks"":-3,""periods"":-6945000}","39","f"
"1063","45","2018-06-01","{""breaks"":-3,""periods"":-6945000}","39","f"
"1064","116","2018-06-01","{""breaks"":-2,""periods"":-6810000}","52","f"
"1065","46","2018-06-02","{""breaks"":-3,""periods"":-6945000}","39","f"
"1066","47","2018-06-03","{""breaks"":-3,""periods"":-6945000}","39","f"
"1067","117","2018-06-02","{""breaks"":-2,""periods"":-6810000}","52","f"
"1068","118","2018-06-02","{""breaks"":-2,""periods"":-6810000}","52","f"
"1069","119","2018-06-03","{""breaks"":-2,""periods"":-6810000}","52","f"
"1070","120","2018-06-03","{""breaks"":-2,""periods"":-6810000}","52","f"
"1071","121","2018-06-04","{""breaks"":-2,""periods"":-6810000}","52","f"
"1072","122","2018-06-04","{""breaks"":-2,""periods"":-6810000}","52","f"
"1073","48","2018-06-04","{""breaks"":-3,""periods"":-6945000}","39","f"
"1074","49","2018-06-05","{""breaks"":-3,""periods"":-6945000}","39","f"
"1075","123","2018-06-05","{""breaks"":1,""periods"":12705000}","52","f"
"1076","124","2018-06-05","{""breaks"":1,""periods"":12705000}","52","f"
"1077","50","2018-06-06","{""breaks"":-3,""periods"":-6945000}","39","f"
"1078","125","2018-06-06","{""breaks"":0,""periods"":-19515000}","52","f"
"1079","126","2018-06-06","{""breaks"":0,""periods"":-19515000}","52","f"
"1080","127","2018-06-08","{""breaks"":0,""periods"":-19020000}","52","f"
"1081","128","2018-06-09","{""breaks"":0,""periods"":-19020000}","52","f"
"1082","51","2018-06-07","{""breaks"":-3,""periods"":-6945000}","39","f"
"1083","52","2018-06-08","{""breaks"":-3,""periods"":-6945000}","39","f"
"1084","53","2018-06-09","{""breaks"":-3,""periods"":-6945000}","39","f"
"1085","129","2018-06-10","{""breaks"":0,""periods"":-19020000}","52","f"
"1086","130","2018-06-10","{""breaks"":0,""periods"":-19020000}","52","f"
"1087","131","2018-06-11","{""breaks"":0,""periods"":-19020000}","52","f"
"1088","132","2018-06-11","{""breaks"":0,""periods"":-19020000}","52","f"
"1089","133","2018-06-12","{""breaks"":3,""periods"":-19020000}","52","f"
"1090","134","2018-06-12","{""breaks"":3,""periods"":-19020000}","52","f"
"1091","54","2018-06-10","{""breaks"":-3,""periods"":-6945000}","39","f"
"1092","55","2018-06-11","{""breaks"":-3,""periods"":-6945000}","39","f"
"1093","56","2018-06-12","{""breaks"":-3,""periods"":-6945000}","39","f"
"1094","57","2018-06-13","{""breaks"":-3,""periods"":-6945000}","39","f"
"1095","58","2018-06-14","{""breaks"":-3,""periods"":-6945000}","39","f"
"1096","59","2018-06-15","{""breaks"":-3,""periods"":-6945000}","39","f"
"1097","60","2018-06-16","{""breaks"":-3,""periods"":-6945000}","39","f"
"1098","61","2018-06-17","{""breaks"":-3,""periods"":-6945000}","39","f"
"1099","62","2018-06-18","{""breaks"":-3,""periods"":-6945000}","39","f"
"1100","63","2018-06-19","{""breaks"":-3,""periods"":-6945000}","39","f"
"1101","64","2018-06-20","{""breaks"":-3,""periods"":-6945000}","39","f"
"1102","65","2018-06-21","{""breaks"":-3,""periods"":-6945000}","39","f"
"1103","66","2018-06-22","{""breaks"":-3,""periods"":-6945000}","39","f"
"1104","67","2018-06-23","{""breaks"":-3,""periods"":-6945000}","39","f"
"1105","68","2018-06-24","{""breaks"":-3,""periods"":-6945000}","39","f"
"1106","69","2018-06-25","{""breaks"":-3,""periods"":-6945000}","39","f"
"1107","70","2018-06-26","{""breaks"":-3,""periods"":-6945000}","39","f"
"1108","71","2018-06-27","{""breaks"":-3,""periods"":-6945000}","39","f"
"1109","72","2018-06-28","{""breaks"":-3,""periods"":-6945000}","39","f"
"1110","73","2018-06-29","{""breaks"":-3,""periods"":-6945000}","39","f"
"1111","74","2018-06-30","{""breaks"":-3,""periods"":-6945000}","39","f"
"1112","75","2018-07-01","{""breaks"":-3,""periods"":-6945000}","39","f"
"1113","76","2018-07-02","{""breaks"":-3,""periods"":-6945000}","39","f"
"1114","135","2018-06-18","{""breaks"":2,""periods"":4995000}","52","f"
"1115","136","2018-06-18","{""breaks"":2,""periods"":4995000}","52","f"
"1116","137","2018-06-19","{""breaks"":-3,""periods"":-4995000}","52","f"
"1117","138","2018-06-19","{""breaks"":-3,""periods"":-4995000}","52","f"
"1118","139","2018-06-20","{""breaks"":-3,""periods"":-4995000}","52","f"
"1119","140","2018-06-20","{""breaks"":-3,""periods"":-4995000}","52","f"
"1120","141","2018-06-22","{""breaks"":0,""periods"":-9030000}","52","f"
"1121","142","2018-06-23","{""breaks"":0,""periods"":-9030000}","52","f"
"1122","143","2018-06-24","{""breaks"":0,""periods"":-9030000}","52","f"
"1123","144","2018-06-25","{""breaks"":0,""periods"":-9030000}","52","f"
"1124","145","2018-06-26","{""breaks"":0,""periods"":-9030000}","52","f"
"1125","146","2018-06-27","{""breaks"":0,""periods"":-9030000}","52","f"
"1126","147","2018-06-28","{""breaks"":0,""periods"":-9030000}","52","f"
"1127","148","2018-06-29","{""breaks"":0,""periods"":-9030000}","52","f"
"1128","149","2018-06-30","{""breaks"":0,""periods"":-9030000}","52","f"
"1129","150","2018-07-01","{""breaks"":0,""periods"":-9030000}","52","f"
"1130","151","2018-07-02","{""breaks"":0,""periods"":-9030000}","52","f"
"1131","77","2018-07-03","{""breaks"":-3,""periods"":-6945000}","39","f"
"1132","152","2018-07-03","{""breaks"":4,""periods"":-4830000}","52","f"
"1133","153","2018-07-04","{""breaks"":-4,""periods"":-4200000}","52","f"
"1134","78","2018-07-04","{""breaks"":-3,""periods"":-6945000}","39","f"
"1135","79","2018-07-05","{""breaks"":-3,""periods"":-6945000}","39","f"
"1136","80","2018-07-06","{""breaks"":-3,""periods"":-6945000}","39","f"
"1137","81","2018-07-07","{""breaks"":-3,""periods"":-6945000}","39","f"
"1138","82","2018-07-08","{""breaks"":-3,""periods"":-6945000}","39","f"
"1139","83","2018-07-09","{""breaks"":-3,""periods"":-6945000}","39","f"
"1140","84","2018-07-10","{""breaks"":-3,""periods"":-6945000}","39","f"
"1141","85","2018-07-11","{""breaks"":-3,""periods"":-6945000}","39","f"
"1142","86","2018-07-12","{""breaks"":-3,""periods"":-6945000}","39","f"
"1143","87","2018-07-13","{""breaks"":-3,""periods"":-6945000}","39","f"
"1144","88","2018-07-14","{""breaks"":-3,""periods"":-6945000}","39","f"
"1145","89","2018-07-15","{""breaks"":-3,""periods"":-6945000}","39","f"
"1146","90","2018-07-16","{""breaks"":-3,""periods"":-6945000}","39","f"
"1147","91","2018-07-17","{""breaks"":-3,""periods"":-6945000}","39","f"
"1148","154","2018-07-05","{""breaks"":-4,""periods"":-4200000}","52","f"
"1149","155","2018-07-06","{""breaks"":-4,""periods"":-4200000}","52","f"
"1150","156","2018-07-07","{""breaks"":-4,""periods"":-4200000}","52","f"
"1151","157","2018-07-08","{""breaks"":-4,""periods"":-4200000}","52","f"
"1152","158","2018-07-09","{""breaks"":-4,""periods"":-4200000}","52","f"
"1153","159","2018-07-10","{""breaks"":-4,""periods"":-4200000}","52","f"
"1154","160","2018-07-11","{""breaks"":-4,""periods"":-4200000}","52","f"
"1155","161","2018-07-12","{""breaks"":-4,""periods"":-4200000}","52","f"
"1156","162","2018-07-13","{""breaks"":-4,""periods"":-4200000}","52","f"
"1157","163","2018-07-14","{""breaks"":-4,""periods"":-4200000}","52","f"
"1158","164","2018-07-15","{""breaks"":-4,""periods"":-4200000}","52","f"
"1159","165","2018-07-16","{""breaks"":-4,""periods"":-4200000}","52","f"
"1160","166","2018-07-17","{""breaks"":-4,""periods"":-4200000}","52","f"
"1161","167","2018-07-18","{""breaks"":-4,""periods"":-4200000}","52","f"
"1162","168","2018-07-18","{""breaks"":-4,""periods"":-4200000}","52","f"
"1163","92","2018-07-18","{""breaks"":-3,""periods"":-6945000}","39","f"
"1164","93","2018-07-19","{""breaks"":-3,""periods"":-6945000}","39","f"
