"id","appID","day","data","rewarded","user_id","lite"
"1","1","2017-11-03","{""type"":""break"",""breakCountPref"":0,""breakCount"":0}","t","31","f"
"2","2","2017-11-04","{""type"":""break"",""breakCountPref"":0,""breakCount"":0}","t","31","f"
"3","3","2017-11-05","{""type"":""break"",""breakCountPref"":0,""breakCount"":0}","t","31","f"
"4","4","2017-11-06","{""type"":""break"",""breakCountPref"":0,""breakCount"":1}","t","31","f"
"5","5","2017-11-07","{""type"":""break"",""breakCountPref"":0,""breakCount"":1}","t","31","f"
"6","6","2017-11-08","{""type"":""break"",""breakCountPref"":0,""breakCount"":0}","t","31","f"
"7","7","2017-11-09","{""type"":""break"",""breakCountPref"":0,""breakCount"":2}","t","31","f"
"8","8","2017-11-10","{""type"":""break"",""breakCountPref"":0,""breakCount"":2}","t","31","f"
"9","9","2017-11-11","{""type"":""break"",""breakCountPref"":0,""breakCount"":0}","t","31","f"
"10","10","2017-11-12","{""type"":""break"",""breakCountPref"":0,""breakCount"":0}","t","31","f"
"11","11","2017-11-13","{""type"":""break"",""breakCountPref"":0,""breakCount"":0}","t","31","f"
"12","1","2017-11-10","{}","f","37","f"
"13","1","2017-11-14","{""type"":""break"",""breakCountPref"":2,""breakCount"":2}","t","3","f"
"14","1","2017-11-09","{""type"":""break"",""breakCountPref"":2,""breakCount"":3}","t","32","f"
"15","2","2017-11-10","{""type"":""break"",""breakCountPref"":2,""breakCount"":5}","t","32","f"
"16","1","2017-11-10","{""type"":""break"",""breakCountPref"":2,""breakCount"":2}","t","35","f"
"17","2","2017-11-13","{""type"":""break"",""breakCountPref"":2,""breakCount"":7}","t","35","f"
"18","3","2017-11-14","{""type"":""break"",""breakCountPref"":2,""breakCount"":2}","t","35","f"
"19","3","2017-11-15","{}","f","32","f"
"20","4","2017-11-15","{""type"":""break"",""breakCountPref"":2,""breakCount"":4}","t","35","f"
"21","1","2017-11-13","{}","f","38","f"
"22","2","2017-11-14","{}","f","38","f"
"23","1","2017-11-16","{}","f","31","f"
"24","3","2017-11-16","{""type"":""break"",""breakCountPref"":2,""breakCount"":2}","t","38","f"
"25","5","2017-11-16","{""type"":""break"",""breakCountPref"":2,""breakCount"":4}","t","35","f"
"26","1","2017-11-16","{""type"":""break"",""breakCountPref"":2,""breakCount"":2}","t","30","f"
"27","1","2017-11-17","{""type"":""break"",""breakCountPref"":2,""breakCount"":2}","t","39","f"
"28","2","2017-11-17","{}","f","30","f"
"29","6","2017-11-17","{""type"":""break"",""breakCountPref"":2,""breakCount"":2}","t","35","f"
"30","3","2017-11-20","{}","f","30","f"
"31","4","2017-11-20","{""type"":""break"",""breakCountPref"":2,""breakCount"":4}","t","32","f"
"32","7","2017-11-20","{""type"":""break"",""breakCountPref"":2,""breakCount"":4}","t","35","f"
"33","4","2017-11-20","{}","f","38","f"
"34","2","2017-11-20","{""type"":""break"",""breakCountPref"":2,""breakCount"":2}","t","39","f"
"35","4","2017-11-21","{""type"":""break"",""breakCountPref"":2,""breakCount"":2}","t","30","f"
"36","5","2017-11-21","{""type"":""break"",""breakCountPref"":2,""breakCount"":3}","t","32","f"
"37","8","2017-11-21","{""type"":""break"",""breakCountPref"":2,""breakCount"":2}","t","35","f"
"38","1","2017-11-21","{""type"":""break"",""breakCountPref"":2,""breakCount"":2}","t","42","f"
"39","1","2017-11-07","{""type"":""break"",""breakCountPref"":1,""breakCount"":2}","t","41","f"
"40","2","2017-11-08","{""type"":""break"",""breakCountPref"":1,""breakCount"":2}","t","41","f"
"41","3","2017-11-10","{""type"":""break"",""breakCountPref"":1,""breakCount"":2}","t","41","f"
"42","4","2017-11-13","{""type"":""break"",""breakCountPref"":1,""breakCount"":1}","t","41","f"
"43","5","2017-11-15","{""type"":""break"",""breakCountPref"":1,""breakCount"":3}","t","41","f"
"44","6","2017-11-16","{""type"":""break"",""breakCountPref"":1,""breakCount"":3}","t","41","f"
"45","7","2017-11-17","{""type"":""break"",""breakCountPref"":1,""breakCount"":2}","t","41","f"
"46","8","2017-11-21","{""type"":""break"",""breakCountPref"":1,""breakCount"":1}","t","41","f"
"47","1","2017-11-21","{""type"":""break"",""breakCountPref"":2,""breakCount"":2}","t","37","f"
"48","2","2017-11-22","{}","f","37","f"
"49","9","2017-11-22","{""type"":""break"",""breakCountPref"":2,""breakCount"":5}","t","35","f"
"50","9","2017-11-22","{""type"":""break"",""breakCountPref"":1,""breakCount"":3}","t","41","f"
"51","5","2017-11-22","{}","f","38","f"
"52","2","2017-11-22","{}","f","42","f"
"53","1","2017-11-23","{}","f","29","f"
"54","3","2017-11-23","{""type"":""break"",""breakCountPref"":2,""breakCount"":5}","t","37","f"
"55","10","2017-11-23","{""type"":""break"",""breakCountPref"":2,""breakCount"":3}","t","35","f"
"56","3","2017-11-21","{""type"":""break"",""breakCountPref"":2,""breakCount"":2}","t","39","f"
"57","2","2017-11-23","{}","f","31","f"
"58","10","2017-11-23","{}","f","41","f"
"59","1","2017-11-23","{""type"":""break"",""breakCountPref"":2,""breakCount"":3}","t","30","f"
"60","6","2017-11-23","{}","f","38","f"
"61","4","2017-11-24","{}","f","37","f"
"62","3","2017-11-24","{""type"":""break"",""breakCountPref"":2,""breakCount"":4}","t","31","f"
"63","11","2017-11-24","{""type"":""break"",""breakCountPref"":2,""breakCount"":2}","t","35","f"
"64","3","2017-11-23","{}","f","42","f"
"65","4","2017-11-24","{}","f","39","f"
"66","1","2017-11-24","{""type"":""break"",""breakCountPref"":2,""breakCount"":4}","t","32","f"
"67","4","2017-11-24","{}","f","37","f"
"68","2","2017-11-27","{""type"":""break"",""breakCountPref"":2,""breakCount"":3}","t","30","f"
"69","5","2017-11-27","{}","f","37","f"
"70","7","2017-11-27","{""type"":""break"",""breakCountPref"":2,""breakCount"":5}","t","38","f"
"71","4","2017-11-27","{""type"":""break"",""breakCountPref"":2,""breakCount"":3}","t","42","f"
"72","5","2017-11-27","{}","f","39","f"
"73","12","2017-11-27","{""type"":""break"",""breakCountPref"":2,""breakCount"":4}","t","35","f"
"74","11","2017-11-27","{""type"":""break"",""breakCountPref"":1,""breakCount"":2}","t","41","f"
"75","2","2017-11-24","{""type"":""break"",""breakCountPref"":2,""breakCount"":3}","t","29","f"
"76","2","2017-11-27","{""type"":""break"",""breakCountPref"":2,""breakCount"":2}","t","32","f"
"77","3","2017-11-28","{""type"":""break"",""breakCountPref"":2,""breakCount"":2}","t","30","f"
"78","1","2017-11-28","{}","f","29","f"
"79","6","2017-11-28","{""type"":""break"",""breakCountPref"":2,""breakCount"":2}","t","37","f"
"80","4","2017-11-28","{}","f","31","f"
"81","13","2017-11-28","{""type"":""break"",""breakCountPref"":2,""breakCount"":2}","t","35","f"
"82","5","2017-11-28","{""type"":""break"",""breakCountPref"":2,""breakCount"":3}","t","42","f"
"83","6","2017-11-28","{}","f","39","f"
"84","8","2017-11-28","{""type"":""break"",""breakCountPref"":2,""breakCount"":2}","t","38","f"
"85","7","2017-11-29","{}","f","37","f"
"86","9","2017-11-29","{}","f","38","f"
"87","1","2017-11-29","{""type"":""break"",""breakCountPref"":2,""breakCount"":3}","t","30","f"
"88","1","2017-11-29","{}","f","31","f"
"89","6","2017-11-29","{}","f","42","f"
"90","12","2017-11-29","{""type"":""break"",""breakCountPref"":1,""breakCount"":1}","t","41","f"
"91","3","2017-11-28","{""type"":""break"",""breakCountPref"":2,""breakCount"":3}","t","32","f"
"92","4","2017-11-29","{}","f","32","f"
"93","1","2017-11-29","{""type"":""break"",""breakCountPref"":2,""breakCount"":2}","t","29","f"
"94","7","2017-11-29","{}","f","39","f"
"95","14","2017-11-30","{""type"":""break"",""breakCountPref"":2,""breakCount"":4}","t","35","f"
"96","2","2017-11-30","{""type"":""break"",""breakCountPref"":2,""breakCount"":5}","t","31","f"
"97","5","2017-11-30","{""type"":""break"",""breakCountPref"":2,""breakCount"":2}","t","32","f"
"98","8","2017-11-30","{}","f","37","f"
"99","13","2017-11-30","{""type"":""break"",""breakCountPref"":1,""breakCount"":1}","t","41","f"
"100","2","2017-11-30","{""type"":""break"",""breakCountPref"":2,""breakCount"":4}","t","29","f"
"101","10","2017-11-30","{""type"":""break"",""breakCountPref"":2,""breakCount"":3}","t","38","f"
"102","11","2017-12-01","{}","f","38","f"
"103","3","2017-12-01","{""type"":""break"",""breakCountPref"":2,""breakCount"":3}","t","31","f"
"104","14","2017-12-01","{""type"":""break"",""breakCountPref"":1,""breakCount"":2}","t","41","f"
"105","3","2017-12-01","{""type"":""break"",""breakCountPref"":2,""breakCount"":8}","t","29","f"
"106","7","2017-11-30","{}","f","42","f"
"107","9","2017-12-01","{}","f","37","f"
"108","12","2017-12-04","{""type"":""break"",""breakCountPref"":2,""breakCount"":2}","t","38","f"
"109","10","2017-12-04","{}","f","37","f"
"110","4","2017-12-04","{}","f","31","f"
"111","1","2017-12-04","{""type"":""break"",""breakCountPref"":2,""breakCount"":3}","t","32","f"
"112","8","2017-11-30","{}","f","39","f"
"113","15","2017-12-04","{""type"":""break"",""breakCountPref"":1,""breakCount"":1}","t","41","f"
"114","1","2017-12-05","{""type"":""break"",""breakCountPref"":2,""breakCount"":2}","t","30","f"
"115","11","2017-12-05","{}","f","37","f"
"116","15","2017-12-04","{""type"":""break"",""breakCountPref"":2,""breakCount"":3}","t","35","f"
"117","16","2017-12-05","{""type"":""break"",""breakCountPref"":1,""breakCount"":1}","t","41","f"
"118","8","2017-12-05","{""type"":""break"",""breakCountPref"":2,""breakCount"":5}","t","42","f"
"119","1","2017-12-05","{}","f","39","f"
"120","4","2017-12-05","{""type"":""break"",""breakCountPref"":2,""breakCount"":2}","t","29","f"
"121","2","2017-12-06","{}","f","30","f"
"122","16","2017-12-06","{""type"":""break"",""breakCountPref"":2,""breakCount"":7}","t","35","f"
"123","13","2017-12-06","{""type"":""break"",""breakCountPref"":2,""breakCount"":2}","t","38","f"
"124","9","2017-12-06","{""type"":""break"",""breakCountPref"":2,""breakCount"":3}","t","42","f"
"125","2","2017-12-06","{}","f","32","f"
"126","17","2017-12-06","{""type"":""break"",""breakCountPref"":1,""breakCount"":2}","t","41","f"
"127","3","2017-12-07","{""type"":""break"",""breakCountPref"":2,""breakCount"":2}","t","30","f"
"128","18","2017-12-07","{""type"":""break"",""breakCountPref"":1,""breakCount"":1}","t","41","f"
"129","14","2017-12-07","{""type"":""break"",""breakCountPref"":2,""breakCount"":2}","t","38","f"
"130","12","2017-12-08","{}","f","37","f"
"131","17","2017-12-07","{""type"":""break"",""breakCountPref"":2,""breakCount"":4}","t","35","f"
"132","18","2017-12-08","{""type"":""break"",""breakCountPref"":2,""breakCount"":4}","t","35","f"
"133","19","2017-12-08","{""type"":""break"",""breakCountPref"":1,""breakCount"":1}","t","41","f"
"134","5","2017-12-05","{""type"":""break"",""breakCountPref"":2,""breakCount"":2}","t","31","f"
"135","6","2017-12-07","{""type"":""break"",""breakCountPref"":2,""breakCount"":3}","t","31","f"
"136","19","2017-12-11","{""type"":""break"",""breakCountPref"":2,""breakCount"":5}","t","35","f"
"137","1","2017-12-11","{""type"":""break"",""breakCountPref"":2,""breakCount"":2}","t","39","f"
"138","20","2017-12-11","{""type"":""break"",""breakCountPref"":1,""breakCount"":3}","t","41","f"
"139","4","2017-12-11","{""type"":""break"",""breakCountPref"":2,""breakCount"":2}","t","30","f"
"140","5","2017-12-12","{""type"":""break"",""breakCountPref"":2,""breakCount"":4}","t","30","f"
"141","13","2017-12-12","{""type"":""break"",""breakCountPref"":2,""breakCount"":2}","t","37","f"
"142","10","2017-12-07","{""type"":""break"",""breakCountPref"":2,""breakCount"":3}","t","42","f"
"143","21","2017-12-12","{""type"":""break"",""breakCountPref"":1,""breakCount"":1}","t","41","f"
"144","20","2017-12-12","{""type"":""break"",""breakCountPref"":2,""breakCount"":2}","t","35","f"
"145","21","2017-12-13","{""type"":""break"",""breakCountPref"":2,""breakCount"":2}","t","35","f"
"146","11","2017-12-13","{""type"":""break"",""breakCountPref"":2,""breakCount"":2}","t","42","f"
"147","22","2017-12-13","{""type"":""break"",""breakCountPref"":1,""breakCount"":2}","t","41","f"
"148","7","2017-12-13","{}","f","31","f"
"149","2","2017-12-12","{}","f","39","f"
"150","3","2017-12-13","{}","f","39","f"
"151","22","2017-12-14","{""type"":""break"",""breakCountPref"":2,""breakCount"":5}","t","35","f"
"152","8","2017-12-14","{""type"":""break"",""breakCountPref"":2,""breakCount"":3}","t","31","f"
"153","9","2017-12-15","{}","f","31","f"
"154","23","2017-12-15","{""type"":""break"",""breakCountPref"":2,""breakCount"":2}","t","35","f"
"155","23","2017-12-15","{""type"":""break"",""breakCountPref"":1,""breakCount"":2}","t","41","f"
"156","15","2017-12-15","{}","f","38","f"
"157","5","2017-12-08","{""type"":""break"",""breakCountPref"":2,""breakCount"":2}","t","29","f"
"158","6","2017-12-11","{}","f","29","f"
"159","1","2017-12-18","{}","f","30","f"
"160","24","2017-12-18","{}","f","35","f"
"161","24","2017-12-18","{""type"":""break"",""breakCountPref"":1,""breakCount"":1}","t","41","f"
"162","12","2017-12-18","{}","f","42","f"
"163","2","2017-12-19","{}","f","30","f"
"164","10","2017-12-18","{""type"":""break"",""breakCountPref"":2,""breakCount"":2}","t","31","f"
"165","13","2017-12-19","{""type"":""break"",""breakCountPref"":2,""breakCount"":5}","t","42","f"
"166","7","2017-12-19","{}","f","29","f"
"167","25","2017-12-19","{""type"":""break"",""breakCountPref"":1,""breakCount"":3}","t","41","f"
"168","11","2017-12-20","{""type"":""break"",""breakCountPref"":2,""breakCount"":4}","t","31","f"
"169","3","2017-12-21","{}","f","30","f"
"170","8","2017-12-20","{""type"":""break"",""breakCountPref"":2,""breakCount"":2}","t","29","f"
"171","9","2017-12-31","{""type"":""break"",""breakCountPref"":2,""breakCount"":7}","t","29","f"
"172","10","2018-01-01","{""type"":""break"",""breakCountPref"":2,""breakCount"":7}","t","29","f"
"173","11","2018-01-02","{""type"":""break"",""breakCountPref"":2,""breakCount"":2}","t","29","f"
"174","12","2018-01-03","{""type"":""break"",""breakCountPref"":2,""breakCount"":4}","t","29","f"
"175","13","2018-01-04","{""type"":""break"",""breakCountPref"":2,""breakCount"":2}","t","29","f"
"176","14","2018-01-07","{}","f","29","f"
"177","14","2017-12-20","{""type"":""break"",""breakCountPref"":2,""breakCount"":3}","t","42","f"
"178","4","2017-12-18","{""type"":""break"",""breakCountPref"":2,""breakCount"":2}","t","39","f"
"179","5","2017-12-20","{""type"":""break"",""breakCountPref"":2,""breakCount"":2}","t","39","f"
"180","3","2017-12-07","{""type"":""break"",""breakCountPref"":2,""breakCount"":2}","t","32","f"
"181","4","2017-12-01","{""type"":""break"",""breakCountPref"":2,""breakCount"":4}","t","32","f"
"182","5","2018-01-04","{}","f","32","f"
"183","6","2018-01-05","{""type"":""break"",""breakCountPref"":2,""breakCount"":5}","t","32","f"
"184","26","2017-12-21","{""type"":""break"",""breakCountPref"":1,""breakCount"":3}","t","41","f"
"185","7","2018-01-08","{""type"":""break"",""breakCountPref"":2,""breakCount"":2}","t","32","f"
"186","27","2018-01-08","{""type"":""break"",""breakCountPref"":1,""breakCount"":2}","t","41","f"
"187","6","2018-01-08","{}","f","39","f"
"188","15","2018-01-08","{}","f","42","f"
"189","8","2018-01-09","{""type"":""break"",""breakCountPref"":2,""breakCount"":3}","t","32","f"
"190","28","2018-01-09","{""type"":""break"",""breakCountPref"":1,""breakCount"":1}","t","41","f"
"191","16","2018-01-09","{}","f","42","f"
"192","15","2018-01-08","{""type"":""break"",""breakCountPref"":2,""breakCount"":3}","t","29","f"
"193","7","2018-01-09","{}","f","39","f"
"194","9","2018-01-10","{""type"":""break"",""breakCountPref"":2,""breakCount"":2}","t","32","f"
"195","10","2018-01-11","{""type"":""break"",""breakCountPref"":2,""breakCount"":3}","t","32","f"
"196","8","2018-01-10","{""type"":""break"",""breakCountPref"":2,""breakCount"":3}","t","39","f"
"197","1","2018-01-11","{}","f","30","f"
"198","11","2018-01-12","{""type"":""break"",""breakCountPref"":2,""breakCount"":2}","t","32","f"
"199","9","2018-01-12","{""type"":""break"",""breakCountPref"":2,""breakCount"":5}","t","39","f"
"200","1","2018-01-11","{}","f","42","f"
"201","29","2018-01-10","{""type"":""break"",""breakCountPref"":1,""breakCount"":1}","t","41","f"
"202","30","2018-01-12","{""type"":""break"",""breakCountPref"":1,""breakCount"":1}","t","41","f"
"203","12","2018-01-15","{""type"":""break"",""breakCountPref"":2,""breakCount"":2}","t","32","f"
"204","31","2018-01-15","{}","f","41","f"
"205","2","2018-01-15","{""type"":""break"",""breakCountPref"":2,""breakCount"":2}","t","42","f"
"206","2","2018-01-16","{}","f","30","f"
"207","13","2018-01-16","{""type"":""break"",""breakCountPref"":2,""breakCount"":2}","t","32","f"
"208","3","2018-01-16","{}","f","42","f"
"209","10","2018-01-15","{""type"":""break"",""breakCountPref"":2,""breakCount"":3}","t","39","f"
"211","1","2018-01-16","{""type"":""break"",""breakCountPref"":2,""breakCount"":3}","t","29","f"
"212","1","2018-01-11","{}","f","44","f"
"213","32","2018-01-17","{}","f","41","f"
"214","4","2018-01-17","{}","f","42","f"
"216","2","2018-01-17","{""type"":""break"",""breakCountPref"":2,""breakCount"":4}","t","29","f"
"217","14","2018-01-17","{}","f","32","f"
"218","15","2018-01-18","{}","f","32","f"
"219","11","2018-01-17","{}","f","39","f"
"221","33","2018-01-18","{}","f","41","f"
"222","3","2018-01-19","{}","f","30","f"
"223","1","2018-01-19","{""type"":""break"",""breakCountPref"":2,""breakCount"":2}","t","32","f"
"225","5","2018-01-18","{}","f","42","f"
"226","3","2018-01-19","{""type"":""break"",""breakCountPref"":2,""breakCount"":2}","t","29","f"
"227","4","2018-01-22","{}","f","30","f"
"228","2","2018-01-22","{""type"":""break"",""breakCountPref"":2,""breakCount"":2}","t","32","f"
"229","34","2018-01-19","{""type"":""break"",""breakCountPref"":1,""breakCount"":1}","t","41","f"
"230","4","2018-01-22","{}","f","29","f"
"231","5","2018-01-23","{}","f","30","f"
"232","35","2018-01-23","{""type"":""break"",""breakCountPref"":1,""breakCount"":2}","t","41","f"
"233","3","2018-01-23","{}","f","32","f"
"235","12","2018-01-19","{""type"":""break"",""breakCountPref"":2,""breakCount"":4}","t","39","f"
"236","5","2018-01-23","{}","f","29","f"
"237","13","2018-01-24","{""type"":""break"",""breakCountPref"":2,""breakCount"":2}","t","39","f"
"238","1","2018-01-22","{}","f","42","f"
"239","4","2018-01-24","{""type"":""break"",""breakCountPref"":2,""breakCount"":2}","t","32","f"
"241","6","2018-01-24","{}","f","29","f"
"242","6","2018-01-25","{}","f","30","f"
"243","5","2018-01-25","{}","f","32","f"
"244","14","2018-01-25","{}","f","39","f"
"245","7","2018-01-26","{}","f","30","f"
"246","15","2018-01-26","{}","f","39","f"
"247","6","2018-01-26","{""type"":""break"",""breakCountPref"":2,""breakCount"":3}","t","32","f"
"248","7","2018-01-29","{}","f","32","f"
"249","36","2018-01-24","{""type"":""break"",""breakCountPref"":1,""breakCount"":5}","t","41","f"
"250","8","2018-01-30","{}","f","30","f"
"251","37","2018-01-30","{""type"":""break"",""breakCountPref"":1,""breakCount"":1}","t","41","f"
"252","8","2018-01-30","{}","f","32","f"
"253","1","2018-01-30","{}","f","29","f"
"254","38","2018-01-31","{""type"":""break"",""breakCountPref"":1,""breakCount"":3}","t","41","f"
"256","9","2018-01-31","{""type"":""break"",""breakCountPref"":2,""breakCount"":3}","t","32","f"
"257","2","2018-01-31","{}","f","29","f"
"258","39","2018-02-01","{""type"":""break"",""breakCountPref"":1,""breakCount"":5}","t","41","f"
"259","10","2018-02-01","{}","f","32","f"
"261","3","2018-02-01","{""type"":""break"",""breakCountPref"":2,""breakCount"":3}","t","29","f"
"262","2","2018-01-30","{}","f","42","f"
"265","40","2018-02-02","{""type"":""break"",""breakCountPref"":1,""breakCount"":3}","t","41","f"
"267","9","2018-01-31","{}","f","30","f"
"268","1","2018-02-06","{}","f","29","f"
"269","2","2018-02-06","{}","f","29","f"
"272","3","2018-02-05","{}","f","42","f"
"273","1","2018-02-06","{}","f","48","f"
"274","2","2018-02-06","{}","f","48","f"
"275","10","2018-02-06","{}","f","30","f"
"276","16","2018-01-29","{}","f","39","f"
"277","4","2018-02-07","{""type"":""break"",""breakCountPref"":2,""breakCount"":3}","t","42","f"
"278","5","2018-02-07","{""type"":""break"",""breakCountPref"":2,""breakCount"":3}","t","42","f"
"281","6","2018-01-25","{""type"":""break"",""breakCountPref"":2,""breakCount"":2}","t","42","f"
"282","7","2018-01-25","{""type"":""break"",""breakCountPref"":2,""breakCount"":2}","t","42","f"
"283","8","2018-01-29","{""type"":""break"",""breakCountPref"":2,""breakCount"":4}","t","42","f"
"284","9","2018-01-29","{""type"":""break"",""breakCountPref"":2,""breakCount"":4}","t","42","f"
"285","1","2018-02-07","{}","f","49","f"
"286","1","2018-02-08","{}","f","26","t"
"287","1","2018-02-08","{""type"":""break"",""breakCountPref"":2,""breakCount"":2}","t","41","f"
"288","2","2018-02-08","{""type"":""break"",""breakCountPref"":2,""breakCount"":2}","t","41","f"
"289","17","2018-02-08","{}","f","39","f"
"290","2","2018-02-09","{""type"":""break"",""breakCountPref"":2,""breakCount"":4}","t","26","t"
"291","10","2018-02-08","{}","f","42","f"
"292","11","2018-02-09","{}","f","30","f"
"293","12","2018-02-09","{}","f","30","f"
"294","3","2018-02-10","{""type"":""break"",""breakCountPref"":2,""breakCount"":3}","t","26","t"
"295","2","2018-02-08","{}","f","49","f"
"296","18","2018-02-09","{}","f","39","f"
"297","3","2018-02-09","{""type"":""break"",""breakCountPref"":2,""breakCount"":2}","t","41","f"
"298","4","2018-02-09","{""type"":""break"",""breakCountPref"":2,""breakCount"":2}","t","41","f"
"299","11","2018-02-08","{}","f","32","f"
"300","12","2018-02-09","{}","f","32","f"
"303","3","2018-02-12","{""type"":""break"",""breakCountPref"":2,""breakCount"":5}","t","49","f"
"304","5","2018-02-12","{}","f","41","f"
"305","13","2018-02-12","{""type"":""break"",""breakCountPref"":2,""breakCount"":2}","t","32","f"
"306","4","2018-02-11","{}","f","49","f"
"307","1","2018-02-13","{""type"":""break"",""breakCountPref"":2,""breakCount"":6}","t","51","t"
"308","13","2018-02-13","{}","f","30","f"
"309","14","2018-02-13","{}","f","30","f"
"310","5","2018-02-13","{}","f","49","f"
"311","1","2018-02-13","{""type"":""break"",""breakCountPref"":2,""breakCount"":2}","t","50","t"
"312","19","2018-02-12","{}","f","39","f"
"313","20","2018-02-12","{}","f","39","f"
"314","14","2018-02-13","{}","f","32","f"
"315","15","2018-02-14","{}","f","30","f"
"316","16","2018-02-14","{}","f","30","f"
"317","2","2018-02-14","{""type"":""break"",""breakCountPref"":2,""breakCount"":3}","t","50","t"
"318","6","2018-02-13","{""type"":""break"",""breakCountPref"":2,""breakCount"":2}","t","41","f"
"319","2","2018-02-14","{""type"":""break"",""breakCountPref"":2,""breakCount"":3}","t","51","t"
"320","17","2018-02-15","{}","f","30","f"
"321","18","2018-02-15","{}","f","30","f"
"322","1","2018-02-15","{}","f","53","t"
"323","1","2018-02-15","{}","f","54","t"
"324","15","2018-02-14","{}","f","32","f"
"325","2","2018-02-16","{""type"":""break"",""breakCountPref"":2,""breakCount"":2}","t","53","t"
"326","1","2018-02-14","{}","f","52","t"
"327","2","2018-02-15","{}","f","52","t"
"328","3","2018-02-15","{""type"":""break"",""breakCountPref"":2,""breakCount"":2}","t","50","t"
"329","1","2018-02-16","{""type"":""break"",""breakCountPref"":2,""breakCount"":3}","t","55","t"
"330","21","2018-02-14","{}","f","39","f"
"332","16","2018-02-16","{}","f","32","f"
"333","1","2018-02-16","{""type"":""break"",""breakCountPref"":2,""breakCount"":3}","t","54","t"
"334","4","2018-02-19","{""type"":""break"",""breakCountPref"":2,""breakCount"":3}","t","50","t"
"335","1","2018-02-19","{}","f","39","f"
"336","2","2018-02-19","{}","f","39","f"
"337","7","2018-02-16","{""type"":""break"",""breakCountPref"":2,""breakCount"":4}","t","41","f"
"338","8","2018-02-16","{""type"":""break"",""breakCountPref"":2,""breakCount"":4}","t","41","f"
"339","3","2018-02-19","{""type"":""break"",""breakCountPref"":2,""breakCount"":2}","t","52","t"
"340","5","2018-02-20","{""type"":""break"",""breakCountPref"":2,""breakCount"":2}","t","50","t"
"341","3","2018-02-15","{""type"":""break"",""breakCountPref"":2,""breakCount"":4}","t","51","t"
"344","1","2018-02-20","{}","f","29","f"
"345","3","2018-02-20","{""type"":""break"",""breakCountPref"":2,""breakCount"":3}","t","53","t"
"346","4","2018-02-20","{""type"":""break"",""breakCountPref"":2,""breakCount"":2}","t","52","t"
"347","3","2018-02-20","{}","f","39","f"
"348","6","2018-02-21","{""type"":""break"",""breakCountPref"":2,""breakCount"":4}","t","50","t"
"349","2","2018-02-21","{}","f","29","f"
"350","4","2018-02-21","{""type"":""break"",""breakCountPref"":2,""breakCount"":2}","t","53","t"
"351","1","2018-02-21","{}","f","30","f"
"352","2","2018-02-19","{}","f","55","t"
"353","3","2018-02-20","{""type"":""break"",""breakCountPref"":2,""breakCount"":3}","t","55","t"
"354","4","2018-02-21","{}","f","55","t"
"355","5","2018-02-22","{}","f","55","t"
"356","3","2018-02-23","{}","f","29","f"
"357","5","2018-02-21","{}","f","52","t"
"358","4","2018-02-25","{}","f","29","f"
"359","2","2018-02-21","{}","f","54","t"
"360","3","2018-02-22","{}","f","54","t"
"361","6","2018-02-23","{""type"":""break"",""breakCountPref"":2,""breakCount"":3}","t","55","t"
"362","2","2018-02-26","{}","f","30","f"
"363","3","2018-02-26","{}","f","30","f"
"364","6","2018-02-26","{""type"":""break"",""breakCountPref"":2,""breakCount"":2}","t","52","t"
"365","4","2018-02-26","{""type"":""break"",""breakCountPref"":2,""breakCount"":3}","t","54","t"
"366","5","2018-02-26","{""type"":""break"",""breakCountPref"":2,""breakCount"":3}","t","53","t"
"367","7","2018-02-22","{""type"":""break"",""breakCountPref"":2,""breakCount"":2}","t","50","t"
"368","9","2018-02-26","{}","f","41","f"
"369","17","2018-02-26","{}","f","32","f"
"370","5","2018-02-26","{}","f","29","f"
"371","1","2018-02-26","{}","f","26","t"
"372","4","2018-02-27","{}","f","30","f"
"373","1","2018-02-27","{""type"":""break"",""breakCountPref"":2,""breakCount"":2}","t","50","f"
"374","2","2018-02-27","{""type"":""break"",""breakCountPref"":2,""breakCount"":2}","t","50","f"
"375","10","2018-02-27","{""type"":""break"",""breakCountPref"":2,""breakCount"":2}","t","41","f"
"376","1","2018-02-28","{""type"":""break"",""breakCountPref"":2,""breakCount"":4}","t","55","f"
"377","18","2018-02-27","{}","f","32","f"
"378","19","2018-02-28","{""type"":""break"",""breakCountPref"":2,""breakCount"":2}","t","32","f"
"379","3","2018-02-28","{""type"":""break"",""breakCountPref"":2,""breakCount"":2}","t","50","f"
"380","1","2018-02-28","{}","f","54","f"
"381","2","2018-02-28","{}","f","54","f"
"382","5","2018-02-28","{""type"":""break"",""breakCountPref"":2,""breakCount"":2}","t","30","f"
"384","3","2018-03-01","{}","f","54","f"
"385","4","2018-03-01","{}","f","54","f"
"386","20","2018-02-02","{""type"":""break"",""breakCountPref"":2,""breakCount"":2}","t","32","f"
"387","21","2018-03-01","{}","f","32","f"
"388","2","2018-03-01","{""type"":""break"",""breakCountPref"":2,""breakCount"":2}","t","55","f"
"389","22","2018-03-02","{}","f","32","f"
"390","23","2018-03-03","{}","f","32","f"
"391","24","2018-03-04","{}","f","32","f"
"392","5","2018-03-02","{""type"":""break"",""breakCountPref"":2,""breakCount"":2}","t","54","f"
"393","4","2018-03-05","{}","f","50","f"
"394","11","2018-02-28","{""type"":""break"",""breakCountPref"":2,""breakCount"":2}","t","41","f"
"395","6","2018-03-06","{}","f","54","f"
"396","7","2018-03-06","{}","f","54","f"
"397","1","2018-03-06","{}","f","52","f"
"398","2","2018-03-06","{}","f","52","f"
"399","1","2018-03-06","{""type"":""break"",""breakCountPref"":2,""breakCount"":3}","t","53","f"
"400","2","2018-03-06","{""type"":""break"",""breakCountPref"":2,""breakCount"":3}","t","53","f"
"401","5","2018-03-06","{""type"":""break"",""breakCountPref"":2,""breakCount"":4}","t","50","f"
"402","3","2018-03-05","{""type"":""break"",""breakCountPref"":2,""breakCount"":2}","t","55","f"
"403","4","2018-03-05","{""type"":""break"",""breakCountPref"":2,""breakCount"":2}","t","55","f"
"404","5","2018-03-07","{}","f","55","f"
"405","6","2018-03-07","{}","f","55","f"
"406","8","2018-03-07","{}","f","54","f"
"407","9","2018-03-07","{}","f","54","f"
"408","3","2018-03-07","{}","f","52","f"
"409","4","2018-03-07","{}","f","52","f"
"410","6","2018-03-07","{""type"":""break"",""breakCountPref"":2,""breakCount"":2}","t","50","f"
"411","7","2018-03-08","{""type"":""break"",""breakCountPref"":2,""breakCount"":3}","t","55","f"
"412","8","2018-03-08","{""type"":""break"",""breakCountPref"":2,""breakCount"":3}","t","55","f"
"413","3","2018-03-08","{""type"":""break"",""breakCountPref"":2,""breakCount"":2}","t","53","f"
"414","10","2018-03-08","{}","f","54","f"
"415","4","2018-03-09","{""type"":""break"",""breakCountPref"":2,""breakCount"":2}","t","53","f"
"416","7","2018-03-08","{""type"":""break"",""breakCountPref"":2,""breakCount"":4}","t","50","f"
"417","9","2018-03-09","{""type"":""break"",""breakCountPref"":2,""breakCount"":2}","t","55","f"
"418","10","2018-03-09","{""type"":""break"",""breakCountPref"":2,""breakCount"":2}","t","55","f"
"419","5","2018-03-08","{""type"":""break"",""breakCountPref"":2,""breakCount"":3}","t","52","f"
"420","11","2018-03-12","{}","f","54","f"
"421","12","2018-03-12","{}","f","54","f"
"422","8","2018-03-12","{""type"":""break"",""breakCountPref"":2,""breakCount"":5}","t","50","f"
"423","5","2018-03-12","{}","f","53","f"
"424","6","2018-03-12","{}","f","53","f"
"425","11","2018-03-12","{""type"":""break"",""breakCountPref"":2,""breakCount"":2}","t","55","f"
"426","12","2018-03-12","{""type"":""break"",""breakCountPref"":2,""breakCount"":2}","t","55","f"
"427","6","2018-03-05","{""type"":""break"",""breakCountPref"":2,""breakCount"":2}","t","52","f"
"428","7","2018-03-13","{""type"":""break"",""breakCountPref"":2,""breakCount"":3}","t","52","f"
"429","9","2018-03-13","{""type"":""break"",""breakCountPref"":2,""breakCount"":4}","t","50","f"
"430","1","2018-03-06","{""type"":""break"",""breakCountPref"":2,""breakCount"":2}","t","51","f"
"431","13","2018-03-13","{}","f","55","f"
"432","4","2018-02-21","{}","f","51","t"
"433","5","2018-02-22","{}","f","51","t"
"434","1","2018-03-13","{""type"":""break"",""breakCountPref"":2,""breakCount"":3}","t","29","f"
"435","8","2018-03-14","{""type"":""break"",""breakCountPref"":2,""breakCount"":4}","t","52","f"
"436","2","2018-03-14","{}","f","51","f"
"437","10","2018-03-14","{""type"":""break"",""breakCountPref"":2,""breakCount"":2}","t","50","f"
"438","14","2018-03-14","{""type"":""break"",""breakCountPref"":2,""breakCount"":2}","t","55","f"
"439","13","2018-03-13","{""type"":""break"",""breakCountPref"":2,""breakCount"":3}","t","54","f"
"440","14","2018-03-13","{""type"":""break"",""breakCountPref"":2,""breakCount"":3}","t","54","f"
"441","15","2018-03-15","{}","f","54","f"
"442","16","2018-03-15","{}","f","54","f"
"443","15","2018-03-15","{""type"":""break"",""breakCountPref"":2,""breakCount"":4}","t","55","f"
"444","9","2018-03-15","{""type"":""break"",""breakCountPref"":2,""breakCount"":4}","t","52","f"
"445","11","2018-03-15","{""type"":""break"",""breakCountPref"":2,""breakCount"":4}","t","50","f"
"446","16","2018-03-16","{""type"":""break"",""breakCountPref"":2,""breakCount"":2}","t","55","f"
"447","1","2018-03-16","{""type"":""break"",""breakCountPref"":2,""breakCount"":4}","t","58","f"
"448","2","2018-03-16","{""type"":""break"",""breakCountPref"":2,""breakCount"":4}","t","58","f"
"449","7","2018-03-19","{""type"":""break"",""breakCountPref"":2,""breakCount"":4}","t","53","f"
"450","8","2018-03-19","{""type"":""break"",""breakCountPref"":2,""breakCount"":4}","t","53","f"
"451","3","2018-03-19","{""type"":""break"",""breakCountPref"":2,""breakCount"":2}","t","58","f"
"452","4","2018-03-20","{}","f","58","f"
"453","5","2018-03-20","{}","f","58","f"
"454","3","2018-03-15","{}","f","51","f"
"455","4","2018-03-15","{}","f","51","f"
"456","17","2018-03-20","{""type"":""break"",""breakCountPref"":2,""breakCount"":2}","t","55","f"
"457","12","2018-03-21","{""type"":""break"",""breakCountPref"":2,""breakCount"":3}","t","50","f"
"458","17","2018-03-21","{""type"":""break"",""breakCountPref"":2,""breakCount"":2}","t","54","f"
"459","5","2018-03-21","{""type"":""break"",""breakCountPref"":2,""breakCount"":2}","t","51","f"
"460","6","2018-03-21","{""type"":""break"",""breakCountPref"":2,""breakCount"":2}","t","51","f"
"461","18","2018-03-22","{""type"":""break"",""breakCountPref"":2,""breakCount"":3}","t","55","f"
"462","18","2018-03-22","{}","f","54","f"
"463","19","2018-03-22","{}","f","54","f"
"464","9","2018-03-23","{""type"":""break"",""breakCountPref"":2,""breakCount"":5}","t","53","f"
"465","13","2018-03-22","{""type"":""break"",""breakCountPref"":2,""breakCount"":2}","t","50","f"
"466","20","2018-03-16","{""type"":""break"",""breakCountPref"":2,""breakCount"":2}","t","54","f"
"467","21","2018-03-17","{""type"":""break"",""breakCountPref"":2,""breakCount"":2}","t","54","f"
"468","22","2018-03-18","{}","f","54","f"
"469","23","2018-03-23","{}","f","54","f"
"470","24","2018-03-25","{}","f","54","f"
"471","7","2018-03-22","{""type"":""break"",""breakCountPref"":2,""breakCount"":4}","t","51","f"
"472","14","2018-03-19","{""type"":""break"",""breakCountPref"":2,""breakCount"":2}","t","50","f"
"473","15","2018-03-20","{}","f","50","f"
"474","16","2018-03-26","{""type"":""break"",""breakCountPref"":2,""breakCount"":3}","t","50","f"
"475","10","2018-03-22","{""type"":""break"",""breakCountPref"":2,""breakCount"":3}","t","52","f"
"476","10","2018-03-26","{""type"":""break"",""breakCountPref"":2,""breakCount"":3}","t","53","f"
"477","17","2018-03-27","{}","f","50","f"
"478","19","2018-03-23","{""type"":""break"",""breakCountPref"":2,""breakCount"":2}","t","55","f"
"479","25","2018-03-27","{""type"":""break"",""breakCountPref"":2,""breakCount"":4}","t","54","f"
"480","18","2018-03-28","{""type"":""break"",""breakCountPref"":2,""breakCount"":2}","t","50","f"
"481","26","2018-03-28","{""type"":""break"",""breakCountPref"":2,""breakCount"":2}","t","54","f"
"482","27","2018-03-28","{""type"":""break"",""breakCountPref"":2,""breakCount"":2}","t","54","f"
"483","28","2018-03-29","{}","f","54","f"
"484","29","2018-03-30","{}","f","54","f"
"485","30","2018-03-30","{}","f","54","f"
"486","20","2018-03-28","{""type"":""break"",""breakCountPref"":2,""breakCount"":3}","t","55","f"
"487","21","2018-03-28","{""type"":""break"",""breakCountPref"":2,""breakCount"":3}","t","55","f"
"488","31","2018-03-31","{""type"":""break"",""breakCountPref"":2,""breakCount"":2}","t","54","f"
"489","32","2018-03-31","{""type"":""break"",""breakCountPref"":2,""breakCount"":2}","t","54","f"
"490","33","2018-04-01","{}","f","54","f"
"491","34","2018-04-02","{""type"":""break"",""breakCountPref"":2,""breakCount"":3}","t","54","f"
"492","35","2018-04-02","{""type"":""break"",""breakCountPref"":2,""breakCount"":3}","t","54","f"
"493","11","2018-03-29","{""type"":""break"",""breakCountPref"":2,""breakCount"":3}","t","53","f"
"494","8","2018-03-27","{""type"":""break"",""breakCountPref"":2,""breakCount"":2}","t","51","f"
"495","19","2018-03-29","{""type"":""break"",""breakCountPref"":2,""breakCount"":3}","t","50","f"
"496","1","2018-03-29","{""type"":""break"",""breakCountPref"":2,""breakCount"":2}","t","57","f"
"497","12","2018-04-04","{""type"":""break"",""breakCountPref"":2,""breakCount"":2}","t","53","f"
"498","36","2018-04-03","{""type"":""break"",""breakCountPref"":2,""breakCount"":3}","t","54","f"
"499","22","2018-04-04","{""type"":""break"",""breakCountPref"":2,""breakCount"":2}","t","55","f"
"500","23","2018-04-04","{""type"":""break"",""breakCountPref"":2,""breakCount"":2}","t","55","f"
"501","37","2018-04-06","{""type"":""break"",""breakCountPref"":2,""breakCount"":2}","t","54","f"
"502","6","2018-03-29","{""type"":""break"",""breakCountPref"":2,""breakCount"":2}","t","58","f"
"503","11","2018-03-29","{""type"":""break"",""breakCountPref"":2,""breakCount"":2}","t","52","f"
"504","7","2018-03-28","{""type"":""break"",""breakCountPref"":2,""breakCount"":2}","t","58","f"
"505","2","2018-04-09","{""type"":""break"",""breakCountPref"":2,""breakCount"":2}","t","57","f"
"506","8","2018-04-09","{""type"":""break"",""breakCountPref"":2,""breakCount"":3}","t","58","f"
"507","38","2018-04-09","{""type"":""break"",""breakCountPref"":2,""breakCount"":3}","t","54","f"
"508","13","2018-04-10","{""type"":""break"",""breakCountPref"":2,""breakCount"":2}","t","53","f"
"509","14","2018-04-10","{""type"":""break"",""breakCountPref"":2,""breakCount"":2}","t","53","f"
"510","15","2018-04-11","{""type"":""break"",""breakCountPref"":2,""breakCount"":2}","t","53","f"
"511","16","2018-04-11","{""type"":""break"",""breakCountPref"":2,""breakCount"":2}","t","53","f"
"512","20","2018-04-11","{""type"":""break"",""breakCountPref"":2,""breakCount"":3}","t","50","f"
"513","12","2018-04-11","{""type"":""break"",""breakCountPref"":2,""breakCount"":6}","t","52","f"
"514","13","2018-04-11","{""type"":""break"",""breakCountPref"":2,""breakCount"":6}","t","52","f"
"515","17","2018-04-12","{""type"":""break"",""breakCountPref"":2,""breakCount"":3}","t","53","f"
"516","39","2018-04-15","{""type"":""break"",""breakCountPref"":2,""breakCount"":6}","t","54","f"
"517","21","2018-04-12","{""type"":""break"",""breakCountPref"":2,""breakCount"":3}","t","50","f"
"518","24","2018-04-16","{""type"":""break"",""breakCountPref"":2,""breakCount"":4}","t","55","f"
"519","22","2018-04-17","{""type"":""break"",""breakCountPref"":2,""breakCount"":3}","t","50","f"
"520","12","2018-04-11","{""type"":""break"",""breakCountPref"":2,""breakCount"":3}","t","41","f"
"521","40","2018-04-16","{""type"":""break"",""breakCountPref"":2,""breakCount"":2}","t","54","f"
"522","25","2018-04-17","{""type"":""break"",""breakCountPref"":2,""breakCount"":3}","t","55","f"
"523","26","2018-04-17","{""type"":""break"",""breakCountPref"":2,""breakCount"":3}","t","55","f"
"524","27","2018-04-18","{""type"":""break"",""breakCountPref"":2,""breakCount"":5}","t","55","f"
"525","28","2018-04-18","{""type"":""break"",""breakCountPref"":2,""breakCount"":5}","t","55","f"
"526","4","2018-04-19","{""type"":""break"",""breakCountPref"":1,""breakCount"":3}","t","39","f"
"527","14","2018-04-13","{""type"":""break"",""breakCountPref"":2,""breakCount"":3}","t","52","f"
"528","15","2018-04-13","{""type"":""break"",""breakCountPref"":2,""breakCount"":3}","t","52","f"
"529","16","2018-04-16","{""type"":""break"",""breakCountPref"":2,""breakCount"":4}","t","52","f"
"530","17","2018-04-16","{""type"":""break"",""breakCountPref"":2,""breakCount"":4}","t","52","f"
"531","18","2018-04-17","{""type"":""break"",""breakCountPref"":2,""breakCount"":6}","t","52","f"
"532","19","2018-04-18","{""type"":""break"",""breakCountPref"":2,""breakCount"":3}","t","52","f"
"533","20","2018-04-19","{""type"":""break"",""breakCountPref"":2,""breakCount"":2}","t","52","f"
"534","9","2018-04-20","{""type"":""break"",""breakCountPref"":2,""breakCount"":5}","t","58","f"
"535","10","2018-04-20","{""type"":""break"",""breakCountPref"":2,""breakCount"":5}","t","58","f"
"536","18","2018-04-20","{""type"":""break"",""breakCountPref"":2,""breakCount"":6}","t","53","f"
"537","19","2018-04-20","{""type"":""break"",""breakCountPref"":2,""breakCount"":6}","t","53","f"
"538","11","2018-04-21","{""type"":""break"",""breakCountPref"":2,""breakCount"":2}","t","58","f"
"539","13","2018-04-19","{""type"":""break"",""breakCountPref"":2,""breakCount"":2}","t","41","f"
"540","12","2018-04-22","{""type"":""break"",""breakCountPref"":2,""breakCount"":5}","t","58","f"
"541","13","2018-04-22","{""type"":""break"",""breakCountPref"":2,""breakCount"":5}","t","58","f"
"542","23","2018-04-23","{""type"":""break"",""breakCountPref"":2,""breakCount"":4}","t","50","f"
"543","24","2018-04-24","{""type"":""break"",""breakCountPref"":2,""breakCount"":4}","t","50","f"
"544","14","2018-04-24","{""type"":""break"",""breakCountPref"":2,""breakCount"":2}","t","58","f"
"545","20","2018-03-13","{""type"":""break"",""breakCountPref"":2,""breakCount"":2}","t","53","f"
"546","21","2018-03-13","{""type"":""break"",""breakCountPref"":2,""breakCount"":2}","t","53","f"
"547","22","2018-03-16","{""type"":""break"",""breakCountPref"":2,""breakCount"":2}","t","53","f"
"548","23","2018-03-16","{""type"":""break"",""breakCountPref"":2,""breakCount"":2}","t","53","f"
"549","24","2018-03-28","{""type"":""break"",""breakCountPref"":2,""breakCount"":2}","t","53","f"
"550","25","2018-03-28","{""type"":""break"",""breakCountPref"":2,""breakCount"":2}","t","53","f"
"551","9","2018-04-23","{}","f","51","f"
"552","5","2018-04-20","{""type"":""break"",""breakCountPref"":1,""breakCount"":1}","t","39","f"
"553","6","2018-04-20","{""type"":""break"",""breakCountPref"":1,""breakCount"":1}","t","39","f"
"554","7","2018-04-24","{""type"":""break"",""breakCountPref"":1,""breakCount"":2}","t","39","f"
"555","8","2018-04-24","{""type"":""break"",""breakCountPref"":1,""breakCount"":2}","t","39","f"
"556","15","2018-04-25","{""type"":""break"",""breakCountPref"":2,""breakCount"":2}","t","58","f"
"557","29","2018-04-20","{""type"":""break"",""breakCountPref"":2,""breakCount"":2}","t","55","f"
"558","21","2018-02-28","{""type"":""break"",""breakCountPref"":0,""breakCount"":0}","t","52","f"
"559","22","2018-03-01","{""type"":""break"",""breakCountPref"":0,""breakCount"":1}","t","52","f"
"560","23","2018-03-01","{""type"":""break"",""breakCountPref"":0,""breakCount"":1}","t","52","f"
"561","24","2018-03-02","{""type"":""break"",""breakCountPref"":0,""breakCount"":0}","t","52","f"
"562","25","2018-03-02","{""type"":""break"",""breakCountPref"":0,""breakCount"":0}","t","52","f"
"563","26","2018-03-03","{""type"":""break"",""breakCountPref"":0,""breakCount"":0}","t","52","f"
"564","27","2018-03-03","{""type"":""break"",""breakCountPref"":0,""breakCount"":0}","t","52","f"
"565","28","2018-03-04","{""type"":""break"",""breakCountPref"":0,""breakCount"":0}","t","52","f"
"566","29","2018-03-04","{""type"":""break"",""breakCountPref"":0,""breakCount"":0}","t","52","f"
"567","9","2018-04-25","{""type"":""break"",""breakCountPref"":1,""breakCount"":1}","t","39","f"
"568","30","2018-03-09","{""type"":""break"",""breakCountPref"":0,""breakCount"":0}","t","52","f"
"569","31","2018-03-09","{""type"":""break"",""breakCountPref"":0,""breakCount"":0}","t","52","f"
"570","32","2018-03-10","{""type"":""break"",""breakCountPref"":0,""breakCount"":0}","t","52","f"
"571","33","2018-03-11","{""type"":""break"",""breakCountPref"":0,""breakCount"":0}","t","52","f"
"572","34","2018-03-10","{""type"":""break"",""breakCountPref"":0,""breakCount"":0}","t","52","f"
"573","35","2018-03-12","{""type"":""break"",""breakCountPref"":0,""breakCount"":0}","t","52","f"
"574","36","2018-03-12","{""type"":""break"",""breakCountPref"":0,""breakCount"":0}","t","52","f"
"575","37","2018-03-16","{""type"":""break"",""breakCountPref"":0,""breakCount"":0}","t","52","f"
"576","38","2018-03-16","{""type"":""break"",""breakCountPref"":0,""breakCount"":0}","t","52","f"
"577","39","2018-03-17","{""type"":""break"",""breakCountPref"":0,""breakCount"":0}","t","52","f"
"578","40","2018-03-17","{""type"":""break"",""breakCountPref"":0,""breakCount"":0}","t","52","f"
"579","41","2018-03-18","{""type"":""break"",""breakCountPref"":0,""breakCount"":0}","t","52","f"
"580","42","2018-03-18","{""type"":""break"",""breakCountPref"":0,""breakCount"":0}","t","52","f"
"581","43","2018-03-19","{""type"":""break"",""breakCountPref"":0,""breakCount"":1}","t","52","f"
"582","44","2018-03-19","{""type"":""break"",""breakCountPref"":0,""breakCount"":1}","t","52","f"
"583","45","2018-03-20","{""type"":""break"",""breakCountPref"":0,""breakCount"":0}","t","52","f"
"584","46","2018-03-20","{""type"":""break"",""breakCountPref"":0,""breakCount"":0}","t","52","f"
"585","47","2018-03-21","{""type"":""break"",""breakCountPref"":0,""breakCount"":0}","t","52","f"
"586","48","2018-03-21","{""type"":""break"",""breakCountPref"":0,""breakCount"":0}","t","52","f"
"587","49","2018-03-23","{""type"":""break"",""breakCountPref"":0,""breakCount"":0}","t","52","f"
"588","50","2018-03-23","{""type"":""break"",""breakCountPref"":0,""breakCount"":0}","t","52","f"
"589","51","2018-03-24","{""type"":""break"",""breakCountPref"":0,""breakCount"":0}","t","52","f"
"590","52","2018-03-24","{""type"":""break"",""breakCountPref"":0,""breakCount"":0}","t","52","f"
"591","53","2018-03-25","{""type"":""break"",""breakCountPref"":0,""breakCount"":0}","t","52","f"
"592","54","2018-03-26","{""type"":""break"",""breakCountPref"":0,""breakCount"":0}","t","52","f"
"593","55","2018-03-25","{""type"":""break"",""breakCountPref"":0,""breakCount"":0}","t","52","f"
"594","56","2018-03-27","{""type"":""break"",""breakCountPref"":0,""breakCount"":0}","t","52","f"
"595","57","2018-03-27","{""type"":""break"",""breakCountPref"":0,""breakCount"":0}","t","52","f"
"596","58","2018-03-28","{""type"":""break"",""breakCountPref"":0,""breakCount"":1}","t","52","f"
"597","59","2018-03-28","{""type"":""break"",""breakCountPref"":0,""breakCount"":1}","t","52","f"
"598","60","2018-03-30","{""type"":""break"",""breakCountPref"":0,""breakCount"":0}","t","52","f"
"599","61","2018-03-30","{""type"":""break"",""breakCountPref"":0,""breakCount"":0}","t","52","f"
"600","62","2018-03-31","{""type"":""break"",""breakCountPref"":0,""breakCount"":0}","t","52","f"
"601","63","2018-03-31","{""type"":""break"",""breakCountPref"":0,""breakCount"":0}","t","52","f"
"602","64","2018-04-01","{""type"":""break"",""breakCountPref"":0,""breakCount"":0}","t","52","f"
"603","65","2018-04-01","{""type"":""break"",""breakCountPref"":0,""breakCount"":0}","t","52","f"
"604","66","2018-04-02","{""type"":""break"",""breakCountPref"":0,""breakCount"":0}","t","52","f"
"605","67","2018-04-02","{""type"":""break"",""breakCountPref"":0,""breakCount"":0}","t","52","f"
"606","68","2018-04-03","{""type"":""break"",""breakCountPref"":0,""breakCount"":0}","t","52","f"
"607","69","2018-04-03","{""type"":""break"",""breakCountPref"":0,""breakCount"":0}","t","52","f"
"608","70","2018-04-04","{""type"":""break"",""breakCountPref"":0,""breakCount"":0}","t","52","f"
"609","71","2018-04-04","{""type"":""break"",""breakCountPref"":0,""breakCount"":0}","t","52","f"
"610","72","2018-04-05","{""type"":""break"",""breakCountPref"":0,""breakCount"":0}","t","52","f"
"611","73","2018-04-05","{""type"":""break"",""breakCountPref"":0,""breakCount"":0}","t","52","f"
"612","74","2018-04-06","{""type"":""break"",""breakCountPref"":0,""breakCount"":0}","t","52","f"
"613","75","2018-04-06","{""type"":""break"",""breakCountPref"":0,""breakCount"":0}","t","52","f"
"614","76","2018-04-07","{""type"":""break"",""breakCountPref"":0,""breakCount"":0}","t","52","f"
"615","77","2018-04-07","{""type"":""break"",""breakCountPref"":0,""breakCount"":0}","t","52","f"
"616","78","2018-04-08","{""type"":""break"",""breakCountPref"":0,""breakCount"":0}","t","52","f"
"617","79","2018-04-08","{""type"":""break"",""breakCountPref"":0,""breakCount"":0}","t","52","f"
"618","80","2018-04-09","{""type"":""break"",""breakCountPref"":0,""breakCount"":0}","t","52","f"
"619","81","2018-04-09","{""type"":""break"",""breakCountPref"":0,""breakCount"":0}","t","52","f"
"620","82","2018-04-10","{""type"":""break"",""breakCountPref"":0,""breakCount"":1}","t","52","f"
"621","83","2018-04-10","{""type"":""break"",""breakCountPref"":0,""breakCount"":1}","t","52","f"
"622","84","2018-04-12","{""type"":""break"",""breakCountPref"":0,""breakCount"":4}","t","52","f"
"623","85","2018-04-12","{""type"":""break"",""breakCountPref"":0,""breakCount"":4}","t","52","f"
"624","86","2018-04-14","{""type"":""break"",""breakCountPref"":0,""breakCount"":0}","t","52","f"
"625","87","2018-04-14","{""type"":""break"",""breakCountPref"":0,""breakCount"":0}","t","52","f"
"626","88","2018-04-15","{""type"":""break"",""breakCountPref"":0,""breakCount"":0}","t","52","f"
"627","89","2018-04-15","{""type"":""break"",""breakCountPref"":0,""breakCount"":0}","t","52","f"
"628","90","2018-04-20","{""type"":""break"",""breakCountPref"":0,""breakCount"":0}","t","52","f"
"629","91","2018-04-20","{""type"":""break"",""breakCountPref"":0,""breakCount"":0}","t","52","f"
"630","92","2018-04-21","{""type"":""break"",""breakCountPref"":0,""breakCount"":0}","t","52","f"
"631","93","2018-04-21","{""type"":""break"",""breakCountPref"":0,""breakCount"":0}","t","52","f"
"632","94","2018-04-22","{""type"":""break"",""breakCountPref"":0,""breakCount"":0}","t","52","f"
"633","95","2018-04-22","{""type"":""break"",""breakCountPref"":0,""breakCount"":0}","t","52","f"
"634","96","2018-04-23","{""type"":""break"",""breakCountPref"":0,""breakCount"":1}","t","52","f"
"635","97","2018-04-23","{""type"":""break"",""breakCountPref"":0,""breakCount"":1}","t","52","f"
"636","98","2018-04-24","{""type"":""break"",""breakCountPref"":0,""breakCount"":4}","t","52","f"
"637","99","2018-04-24","{""type"":""break"",""breakCountPref"":0,""breakCount"":4}","t","52","f"
"638","100","2018-04-25","{""type"":""break"",""breakCountPref"":0,""breakCount"":0}","t","52","f"
"639","101","2018-04-25","{""type"":""break"",""breakCountPref"":0,""breakCount"":0}","t","52","f"
"640","10","2018-04-16","{""type"":""break"",""breakCountPref"":2,""breakCount"":2}","t","51","f"
"641","10","2018-04-26","{""type"":""break"",""breakCountPref"":1,""breakCount"":3}","t","39","f"
"642","102","2018-04-26","{""type"":""break"",""breakCountPref"":0,""breakCount"":2}","t","52","f"
"643","103","2018-04-27","{""type"":""break"",""breakCountPref"":0,""breakCount"":0}","t","52","f"
"644","104","2018-04-27","{""type"":""break"",""breakCountPref"":0,""breakCount"":0}","t","52","f"
"645","105","2018-04-28","{""type"":""break"",""breakCountPref"":0,""breakCount"":0}","t","52","f"
"646","106","2018-04-28","{""type"":""break"",""breakCountPref"":0,""breakCount"":0}","t","52","f"
"647","107","2018-04-29","{""type"":""break"",""breakCountPref"":0,""breakCount"":0}","t","52","f"
"648","108","2018-04-29","{""type"":""break"",""breakCountPref"":0,""breakCount"":0}","t","52","f"
"649","25","2018-04-26","{""type"":""break"",""breakCountPref"":2,""breakCount"":4}","t","50","f"
"650","109","2018-04-30","{""type"":""break"",""breakCountPref"":0,""breakCount"":4}","t","52","f"
"651","16","2018-04-30","{""type"":""break"",""breakCountPref"":2,""breakCount"":2}","t","58","f"
"652","110","2018-05-01","{""type"":""break"",""breakCountPref"":0,""breakCount"":5}","t","52","f"
"653","111","2018-05-02","{""type"":""break"",""breakCountPref"":0,""breakCount"":3}","t","52","f"
"654","112","2018-05-02","{""type"":""break"",""breakCountPref"":0,""breakCount"":3}","t","52","f"
"655","14","2018-04-22","{""type"":""break"",""breakCountPref"":2,""breakCount"":2}","t","41","f"
"656","15","2018-04-22","{""type"":""break"",""breakCountPref"":2,""breakCount"":2}","t","41","f"
"657","113","2018-05-03","{""type"":""break"",""breakCountPref"":0,""breakCount"":4}","t","52","f"
"658","114","2018-05-04","{""type"":""break"",""breakCountPref"":0,""breakCount"":0}","t","52","f"
"659","115","2018-05-05","{""type"":""break"",""breakCountPref"":0,""breakCount"":0}","t","52","f"
"660","116","2018-05-06","{""type"":""break"",""breakCountPref"":0,""breakCount"":0}","t","52","f"
"661","117","2018-05-07","{""type"":""break"",""breakCountPref"":0,""breakCount"":0}","t","52","f"
"662","16","2018-05-03","{""type"":""break"",""breakCountPref"":2,""breakCount"":3}","t","41","f"
"663","17","2018-04-13","{""type"":""break"",""breakCountPref"":2,""breakCount"":2}","t","58","f"
"664","18","2018-04-26","{}","f","58","f"
"665","19","2018-05-01","{""type"":""break"",""breakCountPref"":2,""breakCount"":2}","t","58","f"
"666","20","2018-05-02","{""type"":""break"",""breakCountPref"":2,""breakCount"":2}","t","58","f"
"667","118","2018-05-08","{""type"":""break"",""breakCountPref"":0,""breakCount"":5}","t","52","f"
"668","119","2018-05-08","{""type"":""break"",""breakCountPref"":0,""breakCount"":5}","t","52","f"
"669","17","2018-05-08","{}","f","41","f"
"670","26","2018-02-28","{""type"":""break"",""breakCountPref"":2,""breakCount"":2}","t","53","f"
"671","27","2018-03-01","{}","f","53","f"
"672","28","2018-03-01","{}","f","53","f"
"673","29","2018-03-05","{""type"":""break"",""breakCountPref"":2,""breakCount"":3}","t","53","f"
"674","30","2018-03-05","{""type"":""break"",""breakCountPref"":2,""breakCount"":3}","t","53","f"
"675","31","2018-03-07","{""type"":""break"",""breakCountPref"":2,""breakCount"":3}","t","53","f"
"676","32","2018-03-07","{""type"":""break"",""breakCountPref"":2,""breakCount"":3}","t","53","f"
"677","33","2018-03-20","{""type"":""break"",""breakCountPref"":2,""breakCount"":2}","t","53","f"
"678","34","2018-03-20","{""type"":""break"",""breakCountPref"":2,""breakCount"":2}","t","53","f"
"679","35","2018-04-13","{""type"":""break"",""breakCountPref"":2,""breakCount"":3}","t","53","f"
"680","36","2018-04-13","{""type"":""break"",""breakCountPref"":2,""breakCount"":3}","t","53","f"
"681","37","2018-04-16","{""type"":""break"",""breakCountPref"":2,""breakCount"":2}","t","53","f"
"682","38","2018-04-16","{""type"":""break"",""breakCountPref"":2,""breakCount"":2}","t","53","f"
"683","39","2018-04-25","{}","f","53","f"
"684","40","2018-04-25","{}","f","53","f"
"685","120","2018-05-09","{""type"":""break"",""breakCountPref"":0,""breakCount"":3}","t","52","f"
"686","18","2018-05-09","{""type"":""break"",""breakCountPref"":2,""breakCount"":2}","t","41","f"
"687","19","2018-05-10","{""type"":""break"",""breakCountPref"":2,""breakCount"":3}","t","41","f"
"688","20","2018-05-10","{""type"":""break"",""breakCountPref"":2,""breakCount"":3}","t","41","f"
"689","121","2018-05-10","{""type"":""break"",""breakCountPref"":0,""breakCount"":1}","t","52","f"
"690","122","2018-05-11","{""type"":""break"",""breakCountPref"":0,""breakCount"":0}","t","52","f"
"691","123","2018-05-12","{""type"":""break"",""breakCountPref"":0,""breakCount"":0}","t","52","f"
"692","124","2018-05-13","{""type"":""break"",""breakCountPref"":0,""breakCount"":0}","t","52","f"
"693","21","2018-05-11","{""type"":""break"",""breakCountPref"":2,""breakCount"":2}","t","41","f"
"694","22","2018-05-11","{""type"":""break"",""breakCountPref"":2,""breakCount"":2}","t","41","f"
"695","125","2018-05-14","{""type"":""break"",""breakCountPref"":0,""breakCount"":3}","t","52","f"
"696","126","2018-05-14","{""type"":""break"",""breakCountPref"":0,""breakCount"":3}","t","52","f"
"697","127","2018-05-15","{""type"":""break"",""breakCountPref"":0,""breakCount"":0}","t","52","f"
"698","128","2018-05-15","{""type"":""break"",""breakCountPref"":0,""breakCount"":0}","t","52","f"
"699","129","2018-05-16","{""type"":""break"",""breakCountPref"":0,""breakCount"":4}","t","52","f"
"700","130","2018-05-16","{""type"":""break"",""breakCountPref"":0,""breakCount"":4}","t","52","f"
"701","23","2018-05-15","{""type"":""break"",""breakCountPref"":2,""breakCount"":2}","t","41","f"
"702","24","2018-05-18","{""type"":""break"",""breakCountPref"":2,""breakCount"":3}","t","41","f"
"703","131","2018-05-17","{""type"":""break"",""breakCountPref"":0,""breakCount"":1}","t","52","f"
"704","132","2018-05-17","{""type"":""break"",""breakCountPref"":0,""breakCount"":1}","t","52","f"
"705","133","2018-05-18","{""type"":""break"",""breakCountPref"":0,""breakCount"":0}","t","52","f"
"706","134","2018-05-18","{""type"":""break"",""breakCountPref"":0,""breakCount"":0}","t","52","f"
"707","135","2018-05-19","{""type"":""break"",""breakCountPref"":0,""breakCount"":0}","t","52","f"
"708","136","2018-05-19","{""type"":""break"",""breakCountPref"":0,""breakCount"":0}","t","52","f"
"709","137","2018-05-20","{""type"":""break"",""breakCountPref"":0,""breakCount"":0}","t","52","f"
"710","138","2018-05-20","{""type"":""break"",""breakCountPref"":0,""breakCount"":0}","t","52","f"
"711","139","2018-05-21","{""type"":""break"",""breakCountPref"":0,""breakCount"":7}","t","52","f"
"712","140","2018-05-21","{""type"":""break"",""breakCountPref"":0,""breakCount"":7}","t","52","f"
"713","141","2018-05-22","{""type"":""break"",""breakCountPref"":0,""breakCount"":2}","t","52","f"
"714","142","2018-05-23","{""type"":""break"",""breakCountPref"":0,""breakCount"":3}","t","52","f"
"715","143","2018-05-24","{""type"":""break"",""breakCountPref"":0,""breakCount"":4}","t","52","f"
"716","144","2018-05-25","{""type"":""break"",""breakCountPref"":0,""breakCount"":0}","t","52","f"
"717","145","2018-05-26","{""type"":""break"",""breakCountPref"":0,""breakCount"":0}","t","52","f"
"718","146","2018-05-27","{""type"":""break"",""breakCountPref"":0,""breakCount"":0}","t","52","f"
"719","147","2018-05-28","{""type"":""break"",""breakCountPref"":0,""breakCount"":0}","t","52","f"
"720","148","2018-05-29","{""type"":""break"",""breakCountPref"":0,""breakCount"":0}","t","52","f"
"721","149","2018-05-30","{""type"":""break"",""breakCountPref"":0,""breakCount"":3}","t","52","f"
"722","150","2018-05-30","{""type"":""break"",""breakCountPref"":0,""breakCount"":3}","t","52","f"
"723","151","2018-05-31","{""type"":""break"",""breakCountPref"":0,""breakCount"":2}","t","52","f"
"724","152","2018-06-01","{""type"":""break"",""breakCountPref"":0,""breakCount"":0}","t","52","f"
"725","153","2018-06-02","{""type"":""break"",""breakCountPref"":0,""breakCount"":0}","t","52","f"
"726","154","2018-06-03","{""type"":""break"",""breakCountPref"":0,""breakCount"":0}","t","52","f"
"727","155","2018-06-03","{""type"":""break"",""breakCountPref"":0,""breakCount"":0}","t","52","f"
"728","156","2018-06-04","{""type"":""break"",""breakCountPref"":0,""breakCount"":0}","t","52","f"
"729","157","2018-06-04","{""type"":""break"",""breakCountPref"":0,""breakCount"":0}","t","52","f"
"730","158","2018-06-05","{""type"":""break"",""breakCountPref"":0,""breakCount"":3}","t","52","f"
"731","159","2018-06-05","{""type"":""break"",""breakCountPref"":0,""breakCount"":3}","t","52","f"
"732","160","2018-06-06","{""type"":""break"",""breakCountPref"":0,""breakCount"":3}","t","52","f"
"733","161","2018-06-06","{""type"":""break"",""breakCountPref"":0,""breakCount"":3}","t","52","f"
"734","162","2018-06-07","{""type"":""break"",""breakCountPref"":0,""breakCount"":0}","t","52","f"
"735","163","2018-06-08","{""type"":""break"",""breakCountPref"":0,""breakCount"":0}","t","52","f"
"736","164","2018-06-07","{""type"":""break"",""breakCountPref"":0,""breakCount"":0}","t","52","f"
"737","165","2018-06-09","{""type"":""break"",""breakCountPref"":0,""breakCount"":0}","t","52","f"
"738","166","2018-06-09","{""type"":""break"",""breakCountPref"":0,""breakCount"":0}","t","52","f"
"739","167","2018-06-10","{""type"":""break"",""breakCountPref"":0,""breakCount"":0}","t","52","f"
"740","168","2018-06-10","{""type"":""break"",""breakCountPref"":0,""breakCount"":0}","t","52","f"
"741","169","2018-06-11","{""type"":""break"",""breakCountPref"":0,""breakCount"":0}","t","52","f"
"742","170","2018-06-11","{""type"":""break"",""breakCountPref"":0,""breakCount"":0}","t","52","f"
"743","171","2018-06-12","{""type"":""break"",""breakCountPref"":0,""breakCount"":3}","t","52","f"
"744","172","2018-06-12","{""type"":""break"",""breakCountPref"":0,""breakCount"":3}","t","52","f"
"745","173","2018-06-13","{""type"":""break"",""breakCountPref"":0,""breakCount"":1}","t","52","f"
"746","174","2018-06-13","{""type"":""break"",""breakCountPref"":0,""breakCount"":1}","t","52","f"
"747","175","2018-06-14","{""type"":""break"",""breakCountPref"":0,""breakCount"":0}","t","52","f"
"748","176","2018-06-14","{""type"":""break"",""breakCountPref"":0,""breakCount"":0}","t","52","f"
"749","177","2018-06-15","{""type"":""break"",""breakCountPref"":0,""breakCount"":0}","t","52","f"
"750","178","2018-06-15","{""type"":""break"",""breakCountPref"":0,""breakCount"":0}","t","52","f"
"751","179","2018-06-16","{""type"":""break"",""breakCountPref"":0,""breakCount"":0}","t","52","f"
"752","180","2018-06-16","{""type"":""break"",""breakCountPref"":0,""breakCount"":0}","t","52","f"
"753","181","2018-06-17","{""type"":""break"",""breakCountPref"":0,""breakCount"":0}","t","52","f"
"754","182","2018-06-17","{""type"":""break"",""breakCountPref"":0,""breakCount"":0}","t","52","f"
"755","183","2018-06-18","{""type"":""break"",""breakCountPref"":0,""breakCount"":3}","t","52","f"
"756","184","2018-06-19","{""type"":""break"",""breakCountPref"":0,""breakCount"":0}","t","52","f"
"757","185","2018-06-18","{""type"":""break"",""breakCountPref"":0,""breakCount"":3}","t","52","f"
"758","186","2018-06-20","{""type"":""break"",""breakCountPref"":0,""breakCount"":0}","t","52","f"
"759","187","2018-06-20","{""type"":""break"",""breakCountPref"":0,""breakCount"":0}","t","52","f"
"760","188","2018-06-21","{""type"":""break"",""breakCountPref"":0,""breakCount"":0}","t","52","f"
"761","189","2018-06-22","{""type"":""break"",""breakCountPref"":0,""breakCount"":0}","t","52","f"
"762","190","2018-06-23","{""type"":""break"",""breakCountPref"":0,""breakCount"":0}","t","52","f"
"763","191","2018-06-24","{""type"":""break"",""breakCountPref"":0,""breakCount"":0}","t","52","f"
"764","192","2018-06-25","{""type"":""break"",""breakCountPref"":0,""breakCount"":0}","t","52","f"
"765","193","2018-06-26","{""type"":""break"",""breakCountPref"":0,""breakCount"":0}","t","52","f"
"766","194","2018-06-27","{""type"":""break"",""breakCountPref"":0,""breakCount"":0}","t","52","f"
"767","195","2018-06-28","{""type"":""break"",""breakCountPref"":0,""breakCount"":0}","t","52","f"
"768","196","2018-06-29","{""type"":""break"",""breakCountPref"":0,""breakCount"":0}","t","52","f"
"769","197","2018-06-30","{""type"":""break"",""breakCountPref"":0,""breakCount"":0}","t","52","f"
"770","198","2018-07-01","{""type"":""break"",""breakCountPref"":0,""breakCount"":0}","t","52","f"
"771","199","2018-07-02","{""type"":""break"",""breakCountPref"":0,""breakCount"":0}","t","52","f"
"772","200","2018-07-03","{""type"":""break"",""breakCountPref"":0,""breakCount"":4}","t","52","f"
"773","201","2018-07-04","{""type"":""break"",""breakCountPref"":0,""breakCount"":0}","t","52","f"
"774","202","2018-07-05","{""type"":""break"",""breakCountPref"":0,""breakCount"":0}","t","52","f"
"775","203","2018-07-06","{""type"":""break"",""breakCountPref"":0,""breakCount"":0}","t","52","f"
"776","204","2018-07-07","{""type"":""break"",""breakCountPref"":0,""breakCount"":0}","t","52","f"
"777","205","2018-07-08","{""type"":""break"",""breakCountPref"":0,""breakCount"":0}","t","52","f"
"778","206","2018-07-09","{""type"":""break"",""breakCountPref"":0,""breakCount"":0}","t","52","f"
"779","207","2018-07-10","{""type"":""break"",""breakCountPref"":0,""breakCount"":0}","t","52","f"
"780","208","2018-07-11","{""type"":""break"",""breakCountPref"":0,""breakCount"":0}","t","52","f"
"781","209","2018-07-12","{""type"":""break"",""breakCountPref"":0,""breakCount"":0}","t","52","f"
"782","210","2018-07-13","{""type"":""break"",""breakCountPref"":0,""breakCount"":0}","t","52","f"
"783","211","2018-07-14","{""type"":""break"",""breakCountPref"":0,""breakCount"":0}","t","52","f"
"784","212","2018-07-15","{""type"":""break"",""breakCountPref"":0,""breakCount"":0}","t","52","f"
"785","213","2018-07-16","{""type"":""break"",""breakCountPref"":0,""breakCount"":0}","t","52","f"
"786","214","2018-07-17","{""type"":""break"",""breakCountPref"":0,""breakCount"":0}","t","52","f"
"787","215","2018-07-18","{""type"":""break"",""breakCountPref"":0,""breakCount"":0}","t","52","f"
